USE [CoffeeShop]
GO
/****** Object:  Table [dbo].[ProductCat]    Script Date: 09/09/2015 20:49:30 ******/
SET ANSI_NULLS ON
GO
SET QUOTED_IDENTIFIER ON
GO
CREATE TABLE [dbo].[ProductCat](
	[ID] [int] IDENTITY(1,1) NOT NULL,
	[Name] [nvarchar](128) NOT NULL,
	[Description] [nvarchar](512) NULL,
	[Enable] [bit] NOT NULL,
 CONSTRAINT [ProductCat_pk] PRIMARY KEY CLUSTERED 
(
	[ID] ASC
)WITH (PAD_INDEX  = OFF, STATISTICS_NORECOMPUTE  = OFF, IGNORE_DUP_KEY = OFF, ALLOW_ROW_LOCKS  = ON, ALLOW_PAGE_LOCKS  = ON) ON [PRIMARY]
) ON [PRIMARY]
GO
SET IDENTITY_INSERT [dbo].[ProductCat] ON
INSERT [dbo].[ProductCat] ([ID], [Name], [Description], [Enable]) VALUES (1, N'Café', N'Các loại cafe, cafe sữa.', 1)
INSERT [dbo].[ProductCat] ([ID], [Name], [Description], [Enable]) VALUES (2, N'Nước giải khát', N'Softdrink, nước ngọt, nước đóng chai, lon.', 1)
INSERT [dbo].[ProductCat] ([ID], [Name], [Description], [Enable]) VALUES (4, N'Nước uống có cồn', N'Bia, rượu, cocktail có cồn.', 1)
INSERT [dbo].[ProductCat] ([ID], [Name], [Description], [Enable]) VALUES (6, N'Nước pha chế', N'Nước ép, cam, chanh.', 1)
INSERT [dbo].[ProductCat] ([ID], [Name], [Description], [Enable]) VALUES (8, N'Kem', N'Các loại kem và nước uống kèm kem.', 1)
INSERT [dbo].[ProductCat] ([ID], [Name], [Description], [Enable]) VALUES (10, N'Sinh tố', N'Các loại sinh tố.', 1)
INSERT [dbo].[ProductCat] ([ID], [Name], [Description], [Enable]) VALUES (12, N'Khác', N'Sữa, trà, trà đá, các loại đồ uống không có trong danh mục.', 1)
INSERT [dbo].[ProductCat] ([ID], [Name], [Description], [Enable]) VALUES (14, N'Thuốc lá', N'Các loại thuốc lá.', 1)
INSERT [dbo].[ProductCat] ([ID], [Name], [Description], [Enable]) VALUES (15, N'Đồ ăn vặt', N'Các món ăn vặt, ăn nhẹ.', 1)
INSERT [dbo].[ProductCat] ([ID], [Name], [Description], [Enable]) VALUES (16, N'Cơm văn phòng', N'Bao gồm điểm tâm, cơm trưa.', 1)
INSERT [dbo].[ProductCat] ([ID], [Name], [Description], [Enable]) VALUES (18, N'Nguyên liệu', N'Bao gồm các loại nguyên liệu hỗ trợ chế biến.', 1)
SET IDENTITY_INSERT [dbo].[ProductCat] OFF
/****** Object:  Table [dbo].[Customers]    Script Date: 09/09/2015 20:49:30 ******/
SET ANSI_NULLS ON
GO
SET QUOTED_IDENTIFIER ON
GO
SET ANSI_PADDING ON
GO
CREATE TABLE [dbo].[Customers](
	[ID] [nvarchar](256) NOT NULL,
	[Name] [nvarchar](256) NOT NULL,
	[Address] [nvarchar](1024) NOT NULL,
	[Email] [nvarchar](1024) NOT NULL,
	[Phone] [varchar](15) NOT NULL,
	[Enable] [bit] NOT NULL,
 CONSTRAINT [Customers_pk] PRIMARY KEY CLUSTERED 
(
	[ID] ASC
)WITH (PAD_INDEX  = OFF, STATISTICS_NORECOMPUTE  = OFF, IGNORE_DUP_KEY = OFF, ALLOW_ROW_LOCKS  = ON, ALLOW_PAGE_LOCKS  = ON) ON [PRIMARY]
) ON [PRIMARY]
GO
SET ANSI_PADDING OFF
GO
INSERT [dbo].[Customers] ([ID], [Name], [Address], [Email], [Phone], [Enable]) VALUES (N'1', N'Khách vãng lai', N'BMT', N'bnl@mail.com', N'123456789', 1)
INSERT [dbo].[Customers] ([ID], [Name], [Address], [Email], [Phone], [Enable]) VALUES (N'2', N'Tô Răng Hô', N'BMT', N'trh@mail.com', N'123456789', 1)
/****** Object:  Table [dbo].[Staffs]    Script Date: 09/09/2015 20:49:30 ******/
SET ANSI_NULLS ON
GO
SET QUOTED_IDENTIFIER ON
GO
SET ANSI_PADDING ON
GO
CREATE TABLE [dbo].[Staffs](
	[ID] [int] IDENTITY(1,1) NOT NULL,
	[UserName] [nvarchar](128) NOT NULL,
	[Password] [varchar](256) NOT NULL,
	[StaffName] [nvarchar](512) NULL,
	[Role] [tinyint] NULL,
	[Position] [nvarchar](128) NULL,
	[Notes] [nvarchar](512) NULL,
	[DateJoin] [smalldatetime] NOT NULL,
	[Enable] [bit] NOT NULL,
 CONSTRAINT [PK_Staffs] PRIMARY KEY CLUSTERED 
(
	[ID] ASC
)WITH (PAD_INDEX  = OFF, STATISTICS_NORECOMPUTE  = OFF, IGNORE_DUP_KEY = OFF, ALLOW_ROW_LOCKS  = ON, ALLOW_PAGE_LOCKS  = ON) ON [PRIMARY]
) ON [PRIMARY]
GO
SET ANSI_PADDING OFF
GO
SET IDENTITY_INSERT [dbo].[Staffs] ON
INSERT [dbo].[Staffs] ([ID], [UserName], [Password], [StaffName], [Role], [Position], [Notes], [DateJoin], [Enable]) VALUES (1, N'admin', N'c344745930e35f4eb4a11aca138d81b9', N'Hiển', 1, N'Quản trị', NULL, CAST(0xA4B70000 AS SmallDateTime), 1)
INSERT [dbo].[Staffs] ([ID], [UserName], [Password], [StaffName], [Role], [Position], [Notes], [DateJoin], [Enable]) VALUES (2, N'TestManager', N'e10adc3949ba59abbe56e057f20f883e', N'TestManager', 1, NULL, NULL, CAST(0xA4CD0026 AS SmallDateTime), 1)
INSERT [dbo].[Staffs] ([ID], [UserName], [Password], [StaffName], [Role], [Position], [Notes], [DateJoin], [Enable]) VALUES (3, N'order1', N'c33367701511b4f6020ec61ded352059', N'order1', 6, NULL, NULL, CAST(0xA4DB052B AS SmallDateTime), 1)
INSERT [dbo].[Staffs] ([ID], [UserName], [Password], [StaffName], [Role], [Position], [Notes], [DateJoin], [Enable]) VALUES (4, N'thu ngân 1', N'25f9e794323b453885f5181f1b624d0b', N'thu ngân 1', 5, NULL, NULL, CAST(0xA4F50335 AS SmallDateTime), 1)
INSERT [dbo].[Staffs] ([ID], [UserName], [Password], [StaffName], [Role], [Position], [Notes], [DateJoin], [Enable]) VALUES (5, N'nguyet', N'd1ab31069b88604b0c7f494e8e733a99', N'nguyet', 5, NULL, NULL, CAST(0xA4F5033A AS SmallDateTime), 1)
INSERT [dbo].[Staffs] ([ID], [UserName], [Password], [StaffName], [Role], [Position], [Notes], [DateJoin], [Enable]) VALUES (7, N'linh', N'c33367701511b4f6020ec61ded352059', N'linh', 5, NULL, NULL, CAST(0xA4F5033C AS SmallDateTime), 1)
INSERT [dbo].[Staffs] ([ID], [UserName], [Password], [StaffName], [Role], [Position], [Notes], [DateJoin], [Enable]) VALUES (8, N'long', N'c33367701511b4f6020ec61ded352059', N'long', 5, NULL, NULL, CAST(0xA4F50363 AS SmallDateTime), 1)
INSERT [dbo].[Staffs] ([ID], [UserName], [Password], [StaffName], [Role], [Position], [Notes], [DateJoin], [Enable]) VALUES (9, N'dang', N'c33367701511b4f6020ec61ded352059', N'dang', 5, NULL, NULL, CAST(0xA4F50364 AS SmallDateTime), 1)
SET IDENTITY_INSERT [dbo].[Staffs] OFF
/****** Object:  Table [dbo].[Restaurant]    Script Date: 09/09/2015 20:49:30 ******/
SET ANSI_NULLS ON
GO
SET QUOTED_IDENTIFIER ON
GO
SET ANSI_PADDING ON
GO
CREATE TABLE [dbo].[Restaurant](
	[ID] [int] IDENTITY(1,1) NOT NULL,
	[Name] [nvarchar](128) NULL,
	[Address] [nvarchar](512) NULL,
	[Phone] [varchar](16) NULL,
	[Fax] [varchar](16) NULL,
	[Email] [varchar](512) NULL,
	[Website] [varchar](512) NULL,
	[PrintSize] [varchar](5) NULL,
 CONSTRAINT [PK_Restaurant] PRIMARY KEY CLUSTERED 
(
	[ID] ASC
)WITH (PAD_INDEX  = OFF, STATISTICS_NORECOMPUTE  = OFF, IGNORE_DUP_KEY = OFF, ALLOW_ROW_LOCKS  = ON, ALLOW_PAGE_LOCKS  = ON) ON [PRIMARY]
) ON [PRIMARY]
GO
SET ANSI_PADDING OFF
GO
SET IDENTITY_INSERT [dbo].[Restaurant] ON
INSERT [dbo].[Restaurant] ([ID], [Name], [Address], [Phone], [Fax], [Email], [Website], [PrintSize]) VALUES (1, N'The Times Coffee', N'111/17 Tân Hải, phường 13, Tân Bình, Tp.HCM', N'0862.680.920', NULL, N'thetime@mail.com', N'ff-team.com', N'A5')
SET IDENTITY_INSERT [dbo].[Restaurant] OFF
/****** Object:  Table [dbo].[Products]    Script Date: 09/09/2015 20:49:30 ******/
SET ANSI_NULLS ON
GO
SET QUOTED_IDENTIFIER ON
GO
CREATE TABLE [dbo].[Products](
	[ID] [int] IDENTITY(1,1) NOT NULL,
	[Name] [nvarchar](128) NOT NULL,
	[Category] [int] NOT NULL,
	[Unit] [nvarchar](64) NULL,
	[Price] [money] NULL,
	[DateCreate] [smalldatetime] NOT NULL,
	[Enable] [bit] NOT NULL,
 CONSTRAINT [Products_pk] PRIMARY KEY CLUSTERED 
(
	[ID] ASC
)WITH (PAD_INDEX  = OFF, STATISTICS_NORECOMPUTE  = OFF, IGNORE_DUP_KEY = OFF, ALLOW_ROW_LOCKS  = ON, ALLOW_PAGE_LOCKS  = ON) ON [PRIMARY]
) ON [PRIMARY]
GO
SET IDENTITY_INSERT [dbo].[Products] ON
INSERT [dbo].[Products] ([ID], [Name], [Category], [Unit], [Price], [DateCreate], [Enable]) VALUES (1, N'The Times Coffee', 1, N'Ly', 15000.0000, CAST(0xA4B70000 AS SmallDateTime), 0)
INSERT [dbo].[Products] ([ID], [Name], [Category], [Unit], [Price], [DateCreate], [Enable]) VALUES (3, N'The Time Milk Coffee', 1, N'Ly', 20000.0000, CAST(0xA4B70000 AS SmallDateTime), 0)
INSERT [dbo].[Products] ([ID], [Name], [Category], [Unit], [Price], [DateCreate], [Enable]) VALUES (4, N'The Time " Lắc" Coffee', 1, N'Ly', 20000.0000, CAST(0xA4B70000 AS SmallDateTime), 0)
INSERT [dbo].[Products] ([ID], [Name], [Category], [Unit], [Price], [DateCreate], [Enable]) VALUES (5, N'Bạc Xỉu', 1, N'Ly', 20000.0000, CAST(0xA4B70000 AS SmallDateTime), 0)
INSERT [dbo].[Products] ([ID], [Name], [Category], [Unit], [Price], [DateCreate], [Enable]) VALUES (6, N'Cacao', 1, N'Ly', 20000.0000, CAST(0xA4B70000 AS SmallDateTime), 0)
INSERT [dbo].[Products] ([ID], [Name], [Category], [Unit], [Price], [DateCreate], [Enable]) VALUES (7, N'Cacao Sữa', 1, N'Ly', 20000.0000, CAST(0xA4B70000 AS SmallDateTime), 0)
INSERT [dbo].[Products] ([ID], [Name], [Category], [Unit], [Price], [DateCreate], [Enable]) VALUES (8, N'Chocolate', 1, N'Ly', 20000.0000, CAST(0xA4B70000 AS SmallDateTime), 0)
INSERT [dbo].[Products] ([ID], [Name], [Category], [Unit], [Price], [DateCreate], [Enable]) VALUES (9, N'Nước Trái Vải', 6, N'Ly', 30000.0000, CAST(0xA4B70000 AS SmallDateTime), 0)
INSERT [dbo].[Products] ([ID], [Name], [Category], [Unit], [Price], [DateCreate], [Enable]) VALUES (10, N'Nước Trái Nhãn', 6, N'ly', 30000.0000, CAST(0xA4B70000 AS SmallDateTime), 0)
INSERT [dbo].[Products] ([ID], [Name], [Category], [Unit], [Price], [DateCreate], [Enable]) VALUES (11, N'Nước Trái Đào', 6, N'ly', 30000.0000, CAST(0xA4B70000 AS SmallDateTime), 0)
INSERT [dbo].[Products] ([ID], [Name], [Category], [Unit], [Price], [DateCreate], [Enable]) VALUES (15, N'Lipton Tea', 6, N'ly', 25000.0000, CAST(0xA4B70000 AS SmallDateTime), 0)
INSERT [dbo].[Products] ([ID], [Name], [Category], [Unit], [Price], [DateCreate], [Enable]) VALUES (16, N'Atiso Tea', 6, N'ly', 25000.0000, CAST(0xA4B70000 AS SmallDateTime), 0)
INSERT [dbo].[Products] ([ID], [Name], [Category], [Unit], [Price], [DateCreate], [Enable]) VALUES (17, N'Lemon Tea', 6, N'Ly', 25000.0000, CAST(0xA4B70000 AS SmallDateTime), 0)
INSERT [dbo].[Products] ([ID], [Name], [Category], [Unit], [Price], [DateCreate], [Enable]) VALUES (18, N'Honey Lemon Tea', 6, N'ly', 25000.0000, CAST(0xA4B70000 AS SmallDateTime), 0)
INSERT [dbo].[Products] ([ID], [Name], [Category], [Unit], [Price], [DateCreate], [Enable]) VALUES (19, N'Rhum Lemon Tea', 6, N'ly', 25000.0000, CAST(0xA4B70000 AS SmallDateTime), 0)
INSERT [dbo].[Products] ([ID], [Name], [Category], [Unit], [Price], [DateCreate], [Enable]) VALUES (20, N'Strawberry Tea', 6, N'ly', 25000.0000, CAST(0xA4B70000 AS SmallDateTime), 0)
INSERT [dbo].[Products] ([ID], [Name], [Category], [Unit], [Price], [DateCreate], [Enable]) VALUES (22, N'Peach Tea', 6, N'ly', 28000.0000, CAST(0xA4B70000 AS SmallDateTime), 0)
INSERT [dbo].[Products] ([ID], [Name], [Category], [Unit], [Price], [DateCreate], [Enable]) VALUES (23, N'Nước Ép Cam', 6, N'ly', 20000.0000, CAST(0xA4DC050F AS SmallDateTime), 0)
INSERT [dbo].[Products] ([ID], [Name], [Category], [Unit], [Price], [DateCreate], [Enable]) VALUES (24, N'Nước Ép Cà Rốt', 6, N'ly', 20000.0000, CAST(0xA4E1023B AS SmallDateTime), 0)
INSERT [dbo].[Products] ([ID], [Name], [Category], [Unit], [Price], [DateCreate], [Enable]) VALUES (25, N'Nước Ép Cam Carot', 6, N'ly', 20000.0000, CAST(0xA4E1023D AS SmallDateTime), 1)
INSERT [dbo].[Products] ([ID], [Name], [Category], [Unit], [Price], [DateCreate], [Enable]) VALUES (26, N'Nước ép Ổi', 6, N'ly', 20000.0000, CAST(0xA4E10304 AS SmallDateTime), 0)
INSERT [dbo].[Products] ([ID], [Name], [Category], [Unit], [Price], [DateCreate], [Enable]) VALUES (27, N'Nước ép Cam Mật Ong', 6, N'ly', 20000.0000, CAST(0xA4E10306 AS SmallDateTime), 1)
INSERT [dbo].[Products] ([ID], [Name], [Category], [Unit], [Price], [DateCreate], [Enable]) VALUES (28, N'Nước Ép Dưa Hấu', 6, N'ly', 20000.0000, CAST(0xA4E10307 AS SmallDateTime), 1)
INSERT [dbo].[Products] ([ID], [Name], [Category], [Unit], [Price], [DateCreate], [Enable]) VALUES (29, N'Nước Ép Cà Chua', 6, N'ly', 20000.0000, CAST(0xA4E10307 AS SmallDateTime), 1)
INSERT [dbo].[Products] ([ID], [Name], [Category], [Unit], [Price], [DateCreate], [Enable]) VALUES (30, N'Nước ép Chanh', 6, N'ly', 20000.0000, CAST(0xA4E10308 AS SmallDateTime), 1)
INSERT [dbo].[Products] ([ID], [Name], [Category], [Unit], [Price], [DateCreate], [Enable]) VALUES (31, N'Nước ép Dứa ', 6, N'ly', 20000.0000, CAST(0xA4E10308 AS SmallDateTime), 1)
INSERT [dbo].[Products] ([ID], [Name], [Category], [Unit], [Price], [DateCreate], [Enable]) VALUES (32, N'Sinh Tố Bơ', 10, N'ly', 30000.0000, CAST(0xA4E10309 AS SmallDateTime), 1)
INSERT [dbo].[Products] ([ID], [Name], [Category], [Unit], [Price], [DateCreate], [Enable]) VALUES (33, N'Sinh Tố Chanh Dây', 10, N'ly', 30000.0000, CAST(0xA4E1030A AS SmallDateTime), 1)
INSERT [dbo].[Products] ([ID], [Name], [Category], [Unit], [Price], [DateCreate], [Enable]) VALUES (34, N'Sinh Tố Sapoche', 10, N'ly', 30000.0000, CAST(0xA4E1030A AS SmallDateTime), 1)
INSERT [dbo].[Products] ([ID], [Name], [Category], [Unit], [Price], [DateCreate], [Enable]) VALUES (35, N'Sinh Tố Đào', 10, N'ly', 30000.0000, CAST(0xA4E1030B AS SmallDateTime), 1)
INSERT [dbo].[Products] ([ID], [Name], [Category], [Unit], [Price], [DateCreate], [Enable]) VALUES (36, N'Sinh Tố Dâu', 10, N'ly', 30000.0000, CAST(0xA4E1030B AS SmallDateTime), 0)
INSERT [dbo].[Products] ([ID], [Name], [Category], [Unit], [Price], [DateCreate], [Enable]) VALUES (37, N'Sinh Tố Xoài', 10, N'ly', 30000.0000, CAST(0xA4E1030C AS SmallDateTime), 1)
INSERT [dbo].[Products] ([ID], [Name], [Category], [Unit], [Price], [DateCreate], [Enable]) VALUES (38, N'Chanh Tuyết', 10, N'ly', 30000.0000, CAST(0xA4E1030C AS SmallDateTime), 1)
INSERT [dbo].[Products] ([ID], [Name], [Category], [Unit], [Price], [DateCreate], [Enable]) VALUES (39, N'Bún Chả Giò', 16, N'tô', 32000.0000, CAST(0xA4E1030F AS SmallDateTime), 1)
INSERT [dbo].[Products] ([ID], [Name], [Category], [Unit], [Price], [DateCreate], [Enable]) VALUES (40, N'Khoai Tây Chiên', 15, N'đĩa', 25000.0000, CAST(0xA4E1030F AS SmallDateTime), 1)
INSERT [dbo].[Products] ([ID], [Name], [Category], [Unit], [Price], [DateCreate], [Enable]) VALUES (41, N'Cá Viên Chiên', 15, N'đĩa', 25000.0000, CAST(0xA4E10310 AS SmallDateTime), 0)
INSERT [dbo].[Products] ([ID], [Name], [Category], [Unit], [Price], [DateCreate], [Enable]) VALUES (42, N'Mì Xào Bò', 16, N'đĩa', 49000.0000, CAST(0xA4E10311 AS SmallDateTime), 1)
INSERT [dbo].[Products] ([ID], [Name], [Category], [Unit], [Price], [DateCreate], [Enable]) VALUES (43, N'Mì Xào Hải Sản', 16, N'đĩa', 49000.0000, CAST(0xA4E10311 AS SmallDateTime), 1)
INSERT [dbo].[Products] ([ID], [Name], [Category], [Unit], [Price], [DateCreate], [Enable]) VALUES (44, N'Mì Ý', 16, N'đĩa', 49000.0000, CAST(0xA4E10312 AS SmallDateTime), 1)
INSERT [dbo].[Products] ([ID], [Name], [Category], [Unit], [Price], [DateCreate], [Enable]) VALUES (45, N'Cơm văn phòng', 16, N'dia', 32000.0000, CAST(0xA4F50340 AS SmallDateTime), 0)
INSERT [dbo].[Products] ([ID], [Name], [Category], [Unit], [Price], [DateCreate], [Enable]) VALUES (46, N'Sinh tố Việt Quất', 10, N'ly', 30000.0000, CAST(0xA4FD0330 AS SmallDateTime), 0)
INSERT [dbo].[Products] ([ID], [Name], [Category], [Unit], [Price], [DateCreate], [Enable]) VALUES (47, N'Soda Blue mint', 6, N'Ly', 20000.0000, CAST(0xA503031F AS SmallDateTime), 1)
INSERT [dbo].[Products] ([ID], [Name], [Category], [Unit], [Price], [DateCreate], [Enable]) VALUES (48, N'Soda Passion Mango', 6, N'Ly', 20000.0000, CAST(0xA503031F AS SmallDateTime), 1)
INSERT [dbo].[Products] ([ID], [Name], [Category], [Unit], [Price], [DateCreate], [Enable]) VALUES (49, N'Soda Raspberry Crush', 6, N'Ly', 20000.0000, CAST(0xA5030320 AS SmallDateTime), 1)
INSERT [dbo].[Products] ([ID], [Name], [Category], [Unit], [Price], [DateCreate], [Enable]) VALUES (50, N'Soda Blueberry', 6, N'Ly', 20000.0000, CAST(0xA5030320 AS SmallDateTime), 1)
INSERT [dbo].[Products] ([ID], [Name], [Category], [Unit], [Price], [DateCreate], [Enable]) VALUES (51, N'Soda Kiwi', 6, N'Ly', 20000.0000, CAST(0xA5030320 AS SmallDateTime), 1)
INSERT [dbo].[Products] ([ID], [Name], [Category], [Unit], [Price], [DateCreate], [Enable]) VALUES (52, N'Soda Apple', 6, N'Ly', 20000.0000, CAST(0xA5030320 AS SmallDateTime), 1)
INSERT [dbo].[Products] ([ID], [Name], [Category], [Unit], [Price], [DateCreate], [Enable]) VALUES (53, N'Coconut Cookie Ice Blended', 6, N'Ly', 35000.0000, CAST(0xA50402E3 AS SmallDateTime), 1)
INSERT [dbo].[Products] ([ID], [Name], [Category], [Unit], [Price], [DateCreate], [Enable]) VALUES (54, N'Strawberry Cookie Ice Blended', 6, N'Ly', 35000.0000, CAST(0xA50402E3 AS SmallDateTime), 1)
INSERT [dbo].[Products] ([ID], [Name], [Category], [Unit], [Price], [DateCreate], [Enable]) VALUES (55, N'Cream Cookie Ice Blended', 6, N'Ly', 35000.0000, CAST(0xA50402E4 AS SmallDateTime), 1)
INSERT [dbo].[Products] ([ID], [Name], [Category], [Unit], [Price], [DateCreate], [Enable]) VALUES (56, N'Lipton Tea', 6, N'Ly', 25000.0000, CAST(0xA5040427 AS SmallDateTime), 1)
INSERT [dbo].[Products] ([ID], [Name], [Category], [Unit], [Price], [DateCreate], [Enable]) VALUES (57, N'Bạc xỉu', 1, N'Ly', 20000.0000, CAST(0xA5040432 AS SmallDateTime), 1)
INSERT [dbo].[Products] ([ID], [Name], [Category], [Unit], [Price], [DateCreate], [Enable]) VALUES (58, N'The Times Coffee', 1, N'Ly', 15000.0000, CAST(0xA504050B AS SmallDateTime), 1)
INSERT [dbo].[Products] ([ID], [Name], [Category], [Unit], [Price], [DateCreate], [Enable]) VALUES (59, N'The Times " Lắc" Coffee', 1, N'Ly', 20000.0000, CAST(0xA504050B AS SmallDateTime), 0)
INSERT [dbo].[Products] ([ID], [Name], [Category], [Unit], [Price], [DateCreate], [Enable]) VALUES (60, N'The Times Milk Coffee', 1, N'Ly', 20000.0000, CAST(0xA504050B AS SmallDateTime), 1)
INSERT [dbo].[Products] ([ID], [Name], [Category], [Unit], [Price], [DateCreate], [Enable]) VALUES (61, N'Cacao', 1, N'Ly', 20000.0000, CAST(0xA504050C AS SmallDateTime), 1)
INSERT [dbo].[Products] ([ID], [Name], [Category], [Unit], [Price], [DateCreate], [Enable]) VALUES (62, N'Cacao Sữa', 1, N'Ly', 20000.0000, CAST(0xA504050C AS SmallDateTime), 1)
INSERT [dbo].[Products] ([ID], [Name], [Category], [Unit], [Price], [DateCreate], [Enable]) VALUES (63, N'Socola', 1, N'Ly', 20000.0000, CAST(0xA504050D AS SmallDateTime), 1)
INSERT [dbo].[Products] ([ID], [Name], [Category], [Unit], [Price], [DateCreate], [Enable]) VALUES (64, N'Peach Tea', 6, N'Ly', 28000.0000, CAST(0xA504050E AS SmallDateTime), 1)
INSERT [dbo].[Products] ([ID], [Name], [Category], [Unit], [Price], [DateCreate], [Enable]) VALUES (65, N'Apple Tea', 6, N'Ly', 25000.0000, CAST(0xA504050E AS SmallDateTime), 1)
INSERT [dbo].[Products] ([ID], [Name], [Category], [Unit], [Price], [DateCreate], [Enable]) VALUES (66, N'Lemon Tea', 6, N'Ly', 25000.0000, CAST(0xA504050E AS SmallDateTime), 1)
INSERT [dbo].[Products] ([ID], [Name], [Category], [Unit], [Price], [DateCreate], [Enable]) VALUES (67, N'Strawberry Tea', 6, N'Ly', 25000.0000, CAST(0xA504050E AS SmallDateTime), 1)
INSERT [dbo].[Products] ([ID], [Name], [Category], [Unit], [Price], [DateCreate], [Enable]) VALUES (68, N'Cơm văn phòng', 16, N'Dĩa', 32000.0000, CAST(0xA505036D AS SmallDateTime), 1)
INSERT [dbo].[Products] ([ID], [Name], [Category], [Unit], [Price], [DateCreate], [Enable]) VALUES (69, N'Nước Ép Ổi', 6, N'Ly', 20000.0000, CAST(0xA4E702AB AS SmallDateTime), 1)
INSERT [dbo].[Products] ([ID], [Name], [Category], [Unit], [Price], [DateCreate], [Enable]) VALUES (70, N'Nước Ép Carot', 6, N'Ly', 20000.0000, CAST(0xA4E702AB AS SmallDateTime), 1)
INSERT [dbo].[Products] ([ID], [Name], [Category], [Unit], [Price], [DateCreate], [Enable]) VALUES (71, N'Nước Ép Chanh Dây', 6, N'Ly', 20000.0000, CAST(0xA4E702AB AS SmallDateTime), 1)
INSERT [dbo].[Products] ([ID], [Name], [Category], [Unit], [Price], [DateCreate], [Enable]) VALUES (72, N'Nước Ép Cam', 6, N'Ly', 20000.0000, CAST(0xA4E702AB AS SmallDateTime), 1)
INSERT [dbo].[Products] ([ID], [Name], [Category], [Unit], [Price], [DateCreate], [Enable]) VALUES (73, N'The Time " Lắc" Coffee', 1, N'Ly', 20000.0000, CAST(0xA4E702AD AS SmallDateTime), 1)
INSERT [dbo].[Products] ([ID], [Name], [Category], [Unit], [Price], [DateCreate], [Enable]) VALUES (74, N'Nước Trái Vải', 6, N'Ly', 30000.0000, CAST(0xA4E702B0 AS SmallDateTime), 1)
INSERT [dbo].[Products] ([ID], [Name], [Category], [Unit], [Price], [DateCreate], [Enable]) VALUES (75, N'Nước Trái Nhãn', 6, N'Ly', 20000.0000, CAST(0xA4E702B0 AS SmallDateTime), 1)
INSERT [dbo].[Products] ([ID], [Name], [Category], [Unit], [Price], [DateCreate], [Enable]) VALUES (76, N'Nước Trái Đào', 6, N'Ly', 20000.0000, CAST(0xA4E702B0 AS SmallDateTime), 1)
INSERT [dbo].[Products] ([ID], [Name], [Category], [Unit], [Price], [DateCreate], [Enable]) VALUES (77, N'Sinh Tố Việt Quất', 10, N'Ly', 30000.0000, CAST(0xA4E702B1 AS SmallDateTime), 0)
INSERT [dbo].[Products] ([ID], [Name], [Category], [Unit], [Price], [DateCreate], [Enable]) VALUES (78, N'Sinh Tố Dâu', 10, N'Ly', 30000.0000, CAST(0xA4E702B1 AS SmallDateTime), 1)
SET IDENTITY_INSERT [dbo].[Products] OFF
/****** Object:  Table [dbo].[SalePoints]    Script Date: 09/09/2015 20:49:30 ******/
SET ANSI_NULLS ON
GO
SET QUOTED_IDENTIFIER ON
GO
SET ANSI_PADDING ON
GO
CREATE TABLE [dbo].[SalePoints](
	[ID] [int] IDENTITY(1,1) NOT NULL,
	[Name] [nvarchar](128) NULL,
	[RestaurantID] [int] NULL,
	[Address] [nvarchar](256) NULL,
	[Phone] [varchar](16) NULL,
	[Fax] [varchar](16) NULL,
	[Email] [varchar](512) NULL,
	[Website] [varchar](512) NULL,
	[StartDate] [smalldatetime] NULL,
	[IsWorking] [bit] NULL,
 CONSTRAINT [PK_SalePoints] PRIMARY KEY CLUSTERED 
(
	[ID] ASC
)WITH (PAD_INDEX  = OFF, STATISTICS_NORECOMPUTE  = OFF, IGNORE_DUP_KEY = OFF, ALLOW_ROW_LOCKS  = ON, ALLOW_PAGE_LOCKS  = ON) ON [PRIMARY]
) ON [PRIMARY]
GO
SET ANSI_PADDING OFF
GO
SET IDENTITY_INSERT [dbo].[SalePoints] ON
INSERT [dbo].[SalePoints] ([ID], [Name], [RestaurantID], [Address], [Phone], [Fax], [Email], [Website], [StartDate], [IsWorking]) VALUES (1, N'Chi nhanh I', 1, N'294 Binh Loi, phuong 13, quan Binh Thanh', N'01212998662', N'01212998662', N'taki.lnt@gmail.com', N'ff-team.com', CAST(0xA4B70000 AS SmallDateTime), 1)
SET IDENTITY_INSERT [dbo].[SalePoints] OFF
/****** Object:  Table [dbo].[Stores]    Script Date: 09/09/2015 20:49:30 ******/
SET ANSI_NULLS ON
GO
SET QUOTED_IDENTIFIER ON
GO
CREATE TABLE [dbo].[Stores](
	[ID] [int] IDENTITY(1,1) NOT NULL,
	[ProductID] [int] NULL,
	[UnitImport] [nvarchar](64) NULL,
	[OriginPrice] [money] NULL,
	[QuantityImport] [int] NULL,
	[QuantityInStock] [int] NULL,
	[QuantitySold] [int] NULL,
	[LastImport] [smalldatetime] NULL,
	[Enable] [bit] NULL,
 CONSTRAINT [PK_Stores] PRIMARY KEY CLUSTERED 
(
	[ID] ASC
)WITH (PAD_INDEX  = OFF, STATISTICS_NORECOMPUTE  = OFF, IGNORE_DUP_KEY = OFF, ALLOW_ROW_LOCKS  = ON, ALLOW_PAGE_LOCKS  = ON) ON [PRIMARY]
) ON [PRIMARY]
GO
SET IDENTITY_INSERT [dbo].[Stores] ON
INSERT [dbo].[Stores] ([ID], [ProductID], [UnitImport], [OriginPrice], [QuantityImport], [QuantityInStock], [QuantitySold], [LastImport], [Enable]) VALUES (1, 22, N'Kg', 130000.0000, 10, 10, 0, CAST(0xA4B70000 AS SmallDateTime), 1)
SET IDENTITY_INSERT [dbo].[Stores] OFF
/****** Object:  Table [dbo].[ImportDetails]    Script Date: 09/09/2015 20:49:30 ******/
SET ANSI_NULLS ON
GO
SET QUOTED_IDENTIFIER ON
GO
CREATE TABLE [dbo].[ImportDetails](
	[ID] [int] IDENTITY(1,1) NOT NULL,
	[ProductID] [int] NULL,
	[DateImport] [smalldatetime] NULL,
	[Quantity] [int] NULL,
	[Unit] [nvarchar](64) NULL,
	[Price] [money] NULL,
	[UserImport] [nvarchar](128) NULL,
	[Enable] [bit] NULL,
 CONSTRAINT [PK_ImportDetails] PRIMARY KEY CLUSTERED 
(
	[ID] ASC
)WITH (PAD_INDEX  = OFF, STATISTICS_NORECOMPUTE  = OFF, IGNORE_DUP_KEY = OFF, ALLOW_ROW_LOCKS  = ON, ALLOW_PAGE_LOCKS  = ON) ON [PRIMARY]
) ON [PRIMARY]
GO
/****** Object:  Table [dbo].[Areas]    Script Date: 09/09/2015 20:49:30 ******/
SET ANSI_NULLS ON
GO
SET QUOTED_IDENTIFIER ON
GO
CREATE TABLE [dbo].[Areas](
	[ID] [int] IDENTITY(1,1) NOT NULL,
	[Name] [nvarchar](128) NULL,
	[SalePoint] [int] NULL,
 CONSTRAINT [PK_Areas] PRIMARY KEY CLUSTERED 
(
	[ID] ASC
)WITH (PAD_INDEX  = OFF, STATISTICS_NORECOMPUTE  = OFF, IGNORE_DUP_KEY = OFF, ALLOW_ROW_LOCKS  = ON, ALLOW_PAGE_LOCKS  = ON) ON [PRIMARY]
) ON [PRIMARY]
GO
SET IDENTITY_INSERT [dbo].[Areas] ON
INSERT [dbo].[Areas] ([ID], [Name], [SalePoint]) VALUES (1, N'Trệt', 1)
INSERT [dbo].[Areas] ([ID], [Name], [SalePoint]) VALUES (2, N'Lầu 1', 1)
SET IDENTITY_INSERT [dbo].[Areas] OFF
/****** Object:  Table [dbo].[CoffeeTables]    Script Date: 09/09/2015 20:49:30 ******/
SET ANSI_NULLS ON
GO
SET QUOTED_IDENTIFIER ON
GO
CREATE TABLE [dbo].[CoffeeTables](
	[ID] [int] IDENTITY(1,1) NOT NULL,
	[Name] [nvarchar](256) NULL,
	[Areas] [int] NULL,
	[IsServe] [bit] NULL,
	[Notes] [nvarchar](128) NULL,
	[OrderNotes] [nvarchar](128) NULL,
	[Enable] [bit] NULL,
 CONSTRAINT [PK_CoffeeTables] PRIMARY KEY CLUSTERED 
(
	[ID] ASC
)WITH (PAD_INDEX  = OFF, STATISTICS_NORECOMPUTE  = OFF, IGNORE_DUP_KEY = OFF, ALLOW_ROW_LOCKS  = ON, ALLOW_PAGE_LOCKS  = ON) ON [PRIMARY]
) ON [PRIMARY]
GO
SET IDENTITY_INSERT [dbo].[CoffeeTables] ON
INSERT [dbo].[CoffeeTables] ([ID], [Name], [Areas], [IsServe], [Notes], [OrderNotes], [Enable]) VALUES (1, N'01', 1, 0, N'Bàn 4 người', N'', 1)
INSERT [dbo].[CoffeeTables] ([ID], [Name], [Areas], [IsServe], [Notes], [OrderNotes], [Enable]) VALUES (2, N'02', 1, 0, N'Bàn 2 người', N'', 1)
INSERT [dbo].[CoffeeTables] ([ID], [Name], [Areas], [IsServe], [Notes], [OrderNotes], [Enable]) VALUES (3, N'03', 1, 0, N'Bàn 4 người', N'', 1)
INSERT [dbo].[CoffeeTables] ([ID], [Name], [Areas], [IsServe], [Notes], [OrderNotes], [Enable]) VALUES (4, N'04', 1, 0, N'Bàn 6 người', N'', 1)
INSERT [dbo].[CoffeeTables] ([ID], [Name], [Areas], [IsServe], [Notes], [OrderNotes], [Enable]) VALUES (5, N'05', 1, 0, N'Bàn 2 người', NULL, 1)
INSERT [dbo].[CoffeeTables] ([ID], [Name], [Areas], [IsServe], [Notes], [OrderNotes], [Enable]) VALUES (6, N'06', 2, 0, N'Bàn 1 người', N'', 1)
INSERT [dbo].[CoffeeTables] ([ID], [Name], [Areas], [IsServe], [Notes], [OrderNotes], [Enable]) VALUES (7, N'07', 2, 0, N'Bàn 2 người', N'', 1)
INSERT [dbo].[CoffeeTables] ([ID], [Name], [Areas], [IsServe], [Notes], [OrderNotes], [Enable]) VALUES (8, N'08', 2, 0, N'Bàn 4 người', N'', 1)
INSERT [dbo].[CoffeeTables] ([ID], [Name], [Areas], [IsServe], [Notes], [OrderNotes], [Enable]) VALUES (9, N'09', 2, 0, N'Bàn 6 người', NULL, 1)
INSERT [dbo].[CoffeeTables] ([ID], [Name], [Areas], [IsServe], [Notes], [OrderNotes], [Enable]) VALUES (10, N'10', 2, 0, N'Bàn 2 người', N'', 1)
INSERT [dbo].[CoffeeTables] ([ID], [Name], [Areas], [IsServe], [Notes], [OrderNotes], [Enable]) VALUES (11, N'Bàn 06', 1, 0, NULL, N'', 1)
SET IDENTITY_INSERT [dbo].[CoffeeTables] OFF
/****** Object:  Table [dbo].[Ordering]    Script Date: 09/09/2015 20:49:30 ******/
SET ANSI_NULLS ON
GO
SET QUOTED_IDENTIFIER ON
GO
CREATE TABLE [dbo].[Ordering](
	[ID] [int] IDENTITY(1,1) NOT NULL,
	[TimeIn] [smalldatetime] NULL,
	[TableID] [int] NULL,
	[ProductID] [int] NULL,
	[Quantity] [int] NULL,
	[ChefConfirm] [bit] NULL,
	[ChefDone] [bit] NULL,
	[IsNew] [bit] NULL,
	[IsEdit] [bit] NULL,
	[StaffOrder] [nvarchar](128) NULL,
	[StaffConfirm] [nvarchar](128) NULL,
	[StaffDone] [nvarchar](128) NULL,
	[ConfirmTime] [smalldatetime] NULL,
	[DoneTime] [smalldatetime] NULL,
	[Paid] [bit] NULL,
	[Notes] [nvarchar](512) NULL,
 CONSTRAINT [PK_Ordering] PRIMARY KEY CLUSTERED 
(
	[ID] ASC
)WITH (PAD_INDEX  = OFF, STATISTICS_NORECOMPUTE  = OFF, IGNORE_DUP_KEY = OFF, ALLOW_ROW_LOCKS  = ON, ALLOW_PAGE_LOCKS  = ON) ON [PRIMARY]
) ON [PRIMARY]
GO
SET IDENTITY_INSERT [dbo].[Ordering] ON
INSERT [dbo].[Ordering] ([ID], [TimeIn], [TableID], [ProductID], [Quantity], [ChefConfirm], [ChefDone], [IsNew], [IsEdit], [StaffOrder], [StaffConfirm], [StaffDone], [ConfirmTime], [DoneTime], [Paid], [Notes]) VALUES (1, CAST(0xA4DB0524 AS SmallDateTime), 1, 1, 1, 1, 1, 0, 0, N'admin', N'admin', N'admin', CAST(0xA4DB0524 AS SmallDateTime), CAST(0xA4DB0524 AS SmallDateTime), 1, N'')
INSERT [dbo].[Ordering] ([ID], [TimeIn], [TableID], [ProductID], [Quantity], [ChefConfirm], [ChefDone], [IsNew], [IsEdit], [StaffOrder], [StaffConfirm], [StaffDone], [ConfirmTime], [DoneTime], [Paid], [Notes]) VALUES (2, CAST(0xA4DB0524 AS SmallDateTime), 1, 6, 4, 1, 1, 0, 0, N'admin', N'admin', N'admin', CAST(0xA4DB0524 AS SmallDateTime), CAST(0xA4DB0524 AS SmallDateTime), 1, N'')
INSERT [dbo].[Ordering] ([ID], [TimeIn], [TableID], [ProductID], [Quantity], [ChefConfirm], [ChefDone], [IsNew], [IsEdit], [StaffOrder], [StaffConfirm], [StaffDone], [ConfirmTime], [DoneTime], [Paid], [Notes]) VALUES (3, CAST(0xA4DB0534 AS SmallDateTime), 1, 8, 3, 1, 1, 0, 0, N'admin', N'admin', N'admin', CAST(0xA4DB0534 AS SmallDateTime), CAST(0xA4DB0534 AS SmallDateTime), 1, N'')
INSERT [dbo].[Ordering] ([ID], [TimeIn], [TableID], [ProductID], [Quantity], [ChefConfirm], [ChefDone], [IsNew], [IsEdit], [StaffOrder], [StaffConfirm], [StaffDone], [ConfirmTime], [DoneTime], [Paid], [Notes]) VALUES (4, CAST(0xA4DB0534 AS SmallDateTime), 1, 5, 1, 1, 1, 0, 0, N'admin', N'admin', N'admin', CAST(0xA4DB0534 AS SmallDateTime), CAST(0xA4DB0534 AS SmallDateTime), 1, N'')
INSERT [dbo].[Ordering] ([ID], [TimeIn], [TableID], [ProductID], [Quantity], [ChefConfirm], [ChefDone], [IsNew], [IsEdit], [StaffOrder], [StaffConfirm], [StaffDone], [ConfirmTime], [DoneTime], [Paid], [Notes]) VALUES (5, CAST(0xA4DB054A AS SmallDateTime), 1, 4, 1, 1, 1, 0, 0, N'admin', N'admin', N'admin', CAST(0xA4DB054A AS SmallDateTime), CAST(0xA4DB054A AS SmallDateTime), 1, N'')
INSERT [dbo].[Ordering] ([ID], [TimeIn], [TableID], [ProductID], [Quantity], [ChefConfirm], [ChefDone], [IsNew], [IsEdit], [StaffOrder], [StaffConfirm], [StaffDone], [ConfirmTime], [DoneTime], [Paid], [Notes]) VALUES (6, CAST(0xA4F5032B AS SmallDateTime), 1, 23, 1, 1, 1, 0, 0, N'admin', N'admin', N'admin', CAST(0xA4F5032B AS SmallDateTime), CAST(0xA4F5032B AS SmallDateTime), 1, N'')
INSERT [dbo].[Ordering] ([ID], [TimeIn], [TableID], [ProductID], [Quantity], [ChefConfirm], [ChefDone], [IsNew], [IsEdit], [StaffOrder], [StaffConfirm], [StaffDone], [ConfirmTime], [DoneTime], [Paid], [Notes]) VALUES (7, CAST(0xA4F5032B AS SmallDateTime), 1, 11, 1, 1, 1, 0, 0, N'admin', N'admin', N'admin', CAST(0xA4F5032B AS SmallDateTime), CAST(0xA4F5032B AS SmallDateTime), 1, N'')
INSERT [dbo].[Ordering] ([ID], [TimeIn], [TableID], [ProductID], [Quantity], [ChefConfirm], [ChefDone], [IsNew], [IsEdit], [StaffOrder], [StaffConfirm], [StaffDone], [ConfirmTime], [DoneTime], [Paid], [Notes]) VALUES (8, CAST(0xA4F50330 AS SmallDateTime), 2, 3, 1, 1, 1, 0, 0, N'admin', N'admin', N'admin', CAST(0xA4F50330 AS SmallDateTime), CAST(0xA4F50330 AS SmallDateTime), 1, N'')
INSERT [dbo].[Ordering] ([ID], [TimeIn], [TableID], [ProductID], [Quantity], [ChefConfirm], [ChefDone], [IsNew], [IsEdit], [StaffOrder], [StaffConfirm], [StaffDone], [ConfirmTime], [DoneTime], [Paid], [Notes]) VALUES (9, CAST(0xA4F50333 AS SmallDateTime), 2, 4, 1, 1, 1, 0, 0, N'admin', N'admin', N'admin', CAST(0xA4F50333 AS SmallDateTime), CAST(0xA4F50333 AS SmallDateTime), 1, N'')
INSERT [dbo].[Ordering] ([ID], [TimeIn], [TableID], [ProductID], [Quantity], [ChefConfirm], [ChefDone], [IsNew], [IsEdit], [StaffOrder], [StaffConfirm], [StaffDone], [ConfirmTime], [DoneTime], [Paid], [Notes]) VALUES (10, CAST(0xA4F50336 AS SmallDateTime), 1, 3, 1, 1, 1, 0, 0, N'thu ngân 1', N'thu ngân 1', N'thu ngân 1', CAST(0xA4F50336 AS SmallDateTime), CAST(0xA4F50336 AS SmallDateTime), 1, N'')
INSERT [dbo].[Ordering] ([ID], [TimeIn], [TableID], [ProductID], [Quantity], [ChefConfirm], [ChefDone], [IsNew], [IsEdit], [StaffOrder], [StaffConfirm], [StaffDone], [ConfirmTime], [DoneTime], [Paid], [Notes]) VALUES (11, CAST(0xA4F5033C AS SmallDateTime), 1, 11, 1, 1, 1, 0, 0, N'nguyet', N'nguyet', N'nguyet', CAST(0xA4F5033C AS SmallDateTime), CAST(0xA4F5033C AS SmallDateTime), 1, N'')
INSERT [dbo].[Ordering] ([ID], [TimeIn], [TableID], [ProductID], [Quantity], [ChefConfirm], [ChefDone], [IsNew], [IsEdit], [StaffOrder], [StaffConfirm], [StaffDone], [ConfirmTime], [DoneTime], [Paid], [Notes]) VALUES (12, CAST(0xA4F50341 AS SmallDateTime), 1, 45, 1, 1, 1, 0, 0, N'admin', N'admin', N'admin', CAST(0xA4F50341 AS SmallDateTime), CAST(0xA4F50341 AS SmallDateTime), 1, N'canh chua tom')
INSERT [dbo].[Ordering] ([ID], [TimeIn], [TableID], [ProductID], [Quantity], [ChefConfirm], [ChefDone], [IsNew], [IsEdit], [StaffOrder], [StaffConfirm], [StaffDone], [ConfirmTime], [DoneTime], [Paid], [Notes]) VALUES (13, CAST(0xA4F50367 AS SmallDateTime), 1, 30, 1, 1, 1, 0, 0, N'linh', N'linh', N'linh', CAST(0xA4F50367 AS SmallDateTime), CAST(0xA4F50367 AS SmallDateTime), 1, N'')
INSERT [dbo].[Ordering] ([ID], [TimeIn], [TableID], [ProductID], [Quantity], [ChefConfirm], [ChefDone], [IsNew], [IsEdit], [StaffOrder], [StaffConfirm], [StaffDone], [ConfirmTime], [DoneTime], [Paid], [Notes]) VALUES (14, CAST(0xA4F50367 AS SmallDateTime), 1, 6, 1, 1, 1, 0, 0, N'linh', N'linh', N'linh', CAST(0xA4F50367 AS SmallDateTime), CAST(0xA4F50367 AS SmallDateTime), 1, N'')
INSERT [dbo].[Ordering] ([ID], [TimeIn], [TableID], [ProductID], [Quantity], [ChefConfirm], [ChefDone], [IsNew], [IsEdit], [StaffOrder], [StaffConfirm], [StaffDone], [ConfirmTime], [DoneTime], [Paid], [Notes]) VALUES (15, CAST(0xA4F50369 AS SmallDateTime), 1, 30, 1, 1, 1, 0, 0, N'linh', N'linh', N'linh', CAST(0xA4F50369 AS SmallDateTime), CAST(0xA4F50369 AS SmallDateTime), 1, N'')
INSERT [dbo].[Ordering] ([ID], [TimeIn], [TableID], [ProductID], [Quantity], [ChefConfirm], [ChefDone], [IsNew], [IsEdit], [StaffOrder], [StaffConfirm], [StaffDone], [ConfirmTime], [DoneTime], [Paid], [Notes]) VALUES (16, CAST(0xA4F50369 AS SmallDateTime), 1, 6, 1, 1, 1, 0, 0, N'linh', N'linh', N'linh', CAST(0xA4F50369 AS SmallDateTime), CAST(0xA4F50369 AS SmallDateTime), 1, N'')
INSERT [dbo].[Ordering] ([ID], [TimeIn], [TableID], [ProductID], [Quantity], [ChefConfirm], [ChefDone], [IsNew], [IsEdit], [StaffOrder], [StaffConfirm], [StaffDone], [ConfirmTime], [DoneTime], [Paid], [Notes]) VALUES (17, CAST(0xA4F5036B AS SmallDateTime), 2, 1, 1, 1, 1, 0, 0, N'linh', N'linh', N'linh', CAST(0xA4F5036B AS SmallDateTime), CAST(0xA4F5036B AS SmallDateTime), 1, N'')
INSERT [dbo].[Ordering] ([ID], [TimeIn], [TableID], [ProductID], [Quantity], [ChefConfirm], [ChefDone], [IsNew], [IsEdit], [StaffOrder], [StaffConfirm], [StaffDone], [ConfirmTime], [DoneTime], [Paid], [Notes]) VALUES (18, CAST(0xA4F5036B AS SmallDateTime), 2, 45, 1, 1, 1, 0, 0, N'linh', N'linh', N'linh', CAST(0xA4F5036B AS SmallDateTime), CAST(0xA4F5036B AS SmallDateTime), 1, N'')
INSERT [dbo].[Ordering] ([ID], [TimeIn], [TableID], [ProductID], [Quantity], [ChefConfirm], [ChefDone], [IsNew], [IsEdit], [StaffOrder], [StaffConfirm], [StaffDone], [ConfirmTime], [DoneTime], [Paid], [Notes]) VALUES (19, CAST(0xA4F5036F AS SmallDateTime), 1, 39, 1, 1, 1, 0, 0, N'linh', N'linh', N'linh', CAST(0xA4F5036F AS SmallDateTime), CAST(0xA4F5036F AS SmallDateTime), 1, N'')
INSERT [dbo].[Ordering] ([ID], [TimeIn], [TableID], [ProductID], [Quantity], [ChefConfirm], [ChefDone], [IsNew], [IsEdit], [StaffOrder], [StaffConfirm], [StaffDone], [ConfirmTime], [DoneTime], [Paid], [Notes]) VALUES (20, CAST(0xA4F5036F AS SmallDateTime), 1, 6, 1, 1, 1, 0, 0, N'linh', N'linh', N'linh', CAST(0xA4F5036F AS SmallDateTime), CAST(0xA4F5036F AS SmallDateTime), 1, N'')
INSERT [dbo].[Ordering] ([ID], [TimeIn], [TableID], [ProductID], [Quantity], [ChefConfirm], [ChefDone], [IsNew], [IsEdit], [StaffOrder], [StaffConfirm], [StaffDone], [ConfirmTime], [DoneTime], [Paid], [Notes]) VALUES (21, CAST(0xA4F50371 AS SmallDateTime), 1, 27, 1, 1, 1, 0, 0, N'linh', N'linh', N'linh', CAST(0xA4F50371 AS SmallDateTime), CAST(0xA4F50371 AS SmallDateTime), 1, N'')
INSERT [dbo].[Ordering] ([ID], [TimeIn], [TableID], [ProductID], [Quantity], [ChefConfirm], [ChefDone], [IsNew], [IsEdit], [StaffOrder], [StaffConfirm], [StaffDone], [ConfirmTime], [DoneTime], [Paid], [Notes]) VALUES (22, CAST(0xA4F50371 AS SmallDateTime), 1, 4, 1, 1, 1, 0, 0, N'linh', N'linh', N'linh', CAST(0xA4F50371 AS SmallDateTime), CAST(0xA4F50371 AS SmallDateTime), 1, N'')
INSERT [dbo].[Ordering] ([ID], [TimeIn], [TableID], [ProductID], [Quantity], [ChefConfirm], [ChefDone], [IsNew], [IsEdit], [StaffOrder], [StaffConfirm], [StaffDone], [ConfirmTime], [DoneTime], [Paid], [Notes]) VALUES (23, CAST(0xA4F50371 AS SmallDateTime), 1, 1, 1, 1, 1, 0, 0, N'linh', N'linh', N'linh', CAST(0xA4F50371 AS SmallDateTime), CAST(0xA4F50371 AS SmallDateTime), 1, N'')
INSERT [dbo].[Ordering] ([ID], [TimeIn], [TableID], [ProductID], [Quantity], [ChefConfirm], [ChefDone], [IsNew], [IsEdit], [StaffOrder], [StaffConfirm], [StaffDone], [ConfirmTime], [DoneTime], [Paid], [Notes]) VALUES (24, CAST(0xA4F50373 AS SmallDateTime), 2, 45, 10, 1, 1, 0, 0, N'linh', N'linh', N'linh', CAST(0xA4F50373 AS SmallDateTime), CAST(0xA4F50373 AS SmallDateTime), 1, N'')
INSERT [dbo].[Ordering] ([ID], [TimeIn], [TableID], [ProductID], [Quantity], [ChefConfirm], [ChefDone], [IsNew], [IsEdit], [StaffOrder], [StaffConfirm], [StaffDone], [ConfirmTime], [DoneTime], [Paid], [Notes]) VALUES (25, CAST(0xA4F50373 AS SmallDateTime), 2, 23, 1, 1, 1, 0, 0, N'linh', N'linh', N'linh', CAST(0xA4F50373 AS SmallDateTime), CAST(0xA4F50373 AS SmallDateTime), 1, N'')
INSERT [dbo].[Ordering] ([ID], [TimeIn], [TableID], [ProductID], [Quantity], [ChefConfirm], [ChefDone], [IsNew], [IsEdit], [StaffOrder], [StaffConfirm], [StaffDone], [ConfirmTime], [DoneTime], [Paid], [Notes]) VALUES (26, CAST(0xA4F5037E AS SmallDateTime), 11, 43, 1, 1, 1, 0, 0, N'admin', N'admin', N'admin', CAST(0xA4F5037E AS SmallDateTime), CAST(0xA4F5037E AS SmallDateTime), 1, N'khong hanh ')
INSERT [dbo].[Ordering] ([ID], [TimeIn], [TableID], [ProductID], [Quantity], [ChefConfirm], [ChefDone], [IsNew], [IsEdit], [StaffOrder], [StaffConfirm], [StaffDone], [ConfirmTime], [DoneTime], [Paid], [Notes]) VALUES (27, CAST(0xA4F50383 AS SmallDateTime), 1, 43, 1, 1, 1, 0, 0, N'linh', N'linh', N'linh', CAST(0xA4F50383 AS SmallDateTime), CAST(0xA4F50383 AS SmallDateTime), 1, N'')
INSERT [dbo].[Ordering] ([ID], [TimeIn], [TableID], [ProductID], [Quantity], [ChefConfirm], [ChefDone], [IsNew], [IsEdit], [StaffOrder], [StaffConfirm], [StaffDone], [ConfirmTime], [DoneTime], [Paid], [Notes]) VALUES (28, CAST(0xA4F50383 AS SmallDateTime), 1, 17, 1, 1, 1, 0, 0, N'linh', N'linh', N'linh', CAST(0xA4F50383 AS SmallDateTime), CAST(0xA4F50383 AS SmallDateTime), 1, N'')
INSERT [dbo].[Ordering] ([ID], [TimeIn], [TableID], [ProductID], [Quantity], [ChefConfirm], [ChefDone], [IsNew], [IsEdit], [StaffOrder], [StaffConfirm], [StaffDone], [ConfirmTime], [DoneTime], [Paid], [Notes]) VALUES (29, CAST(0xA4F602AD AS SmallDateTime), 1, 3, 1, 1, 1, 0, 0, N'linh', N'linh', N'linh', CAST(0xA4F602AD AS SmallDateTime), CAST(0xA4F602AD AS SmallDateTime), 1, N'')
INSERT [dbo].[Ordering] ([ID], [TimeIn], [TableID], [ProductID], [Quantity], [ChefConfirm], [ChefDone], [IsNew], [IsEdit], [StaffOrder], [StaffConfirm], [StaffDone], [ConfirmTime], [DoneTime], [Paid], [Notes]) VALUES (30, CAST(0xA4F602AD AS SmallDateTime), 1, 4, 1, 1, 1, 0, 0, N'linh', N'linh', N'linh', CAST(0xA4F602AD AS SmallDateTime), CAST(0xA4F602AD AS SmallDateTime), 1, N'')
INSERT [dbo].[Ordering] ([ID], [TimeIn], [TableID], [ProductID], [Quantity], [ChefConfirm], [ChefDone], [IsNew], [IsEdit], [StaffOrder], [StaffConfirm], [StaffDone], [ConfirmTime], [DoneTime], [Paid], [Notes]) VALUES (31, CAST(0xA4F602B2 AS SmallDateTime), 6, 3, 1, 1, 1, 0, 0, N'linh', N'linh', N'linh', CAST(0xA4F602B2 AS SmallDateTime), CAST(0xA4F602B2 AS SmallDateTime), 1, N'')
INSERT [dbo].[Ordering] ([ID], [TimeIn], [TableID], [ProductID], [Quantity], [ChefConfirm], [ChefDone], [IsNew], [IsEdit], [StaffOrder], [StaffConfirm], [StaffDone], [ConfirmTime], [DoneTime], [Paid], [Notes]) VALUES (32, CAST(0xA4F602B2 AS SmallDateTime), 6, 22, 1, 1, 1, 0, 0, N'linh', N'linh', N'linh', CAST(0xA4F602B2 AS SmallDateTime), CAST(0xA4F602B2 AS SmallDateTime), 1, N'')
INSERT [dbo].[Ordering] ([ID], [TimeIn], [TableID], [ProductID], [Quantity], [ChefConfirm], [ChefDone], [IsNew], [IsEdit], [StaffOrder], [StaffConfirm], [StaffDone], [ConfirmTime], [DoneTime], [Paid], [Notes]) VALUES (33, CAST(0xA4F602B2 AS SmallDateTime), 6, 32, 0, 1, 1, 0, 0, N'linh', N'linh', N'linh', CAST(0xA4F602B2 AS SmallDateTime), CAST(0xA4F602B2 AS SmallDateTime), 1, N'')
INSERT [dbo].[Ordering] ([ID], [TimeIn], [TableID], [ProductID], [Quantity], [ChefConfirm], [ChefDone], [IsNew], [IsEdit], [StaffOrder], [StaffConfirm], [StaffDone], [ConfirmTime], [DoneTime], [Paid], [Notes]) VALUES (34, CAST(0xA4F602BE AS SmallDateTime), 7, 30, 1, 1, 1, 0, 0, N'linh', N'linh', N'linh', CAST(0xA4F602BE AS SmallDateTime), CAST(0xA4F602BE AS SmallDateTime), 1, N'')
INSERT [dbo].[Ordering] ([ID], [TimeIn], [TableID], [ProductID], [Quantity], [ChefConfirm], [ChefDone], [IsNew], [IsEdit], [StaffOrder], [StaffConfirm], [StaffDone], [ConfirmTime], [DoneTime], [Paid], [Notes]) VALUES (35, CAST(0xA4F602BE AS SmallDateTime), 7, 32, 1, 1, 1, 0, 0, N'linh', N'linh', N'linh', CAST(0xA4F602BE AS SmallDateTime), CAST(0xA4F602BE AS SmallDateTime), 1, N'')
INSERT [dbo].[Ordering] ([ID], [TimeIn], [TableID], [ProductID], [Quantity], [ChefConfirm], [ChefDone], [IsNew], [IsEdit], [StaffOrder], [StaffConfirm], [StaffDone], [ConfirmTime], [DoneTime], [Paid], [Notes]) VALUES (36, CAST(0xA4F602C0 AS SmallDateTime), 6, 30, 1, 1, 1, 0, 0, N'linh', N'linh', N'linh', CAST(0xA4F602C0 AS SmallDateTime), CAST(0xA4F602C0 AS SmallDateTime), 1, N'')
INSERT [dbo].[Ordering] ([ID], [TimeIn], [TableID], [ProductID], [Quantity], [ChefConfirm], [ChefDone], [IsNew], [IsEdit], [StaffOrder], [StaffConfirm], [StaffDone], [ConfirmTime], [DoneTime], [Paid], [Notes]) VALUES (37, CAST(0xA4F602C0 AS SmallDateTime), 6, 35, 1, 1, 1, 0, 0, N'linh', N'linh', N'linh', CAST(0xA4F602C0 AS SmallDateTime), CAST(0xA4F602C0 AS SmallDateTime), 1, N'')
INSERT [dbo].[Ordering] ([ID], [TimeIn], [TableID], [ProductID], [Quantity], [ChefConfirm], [ChefDone], [IsNew], [IsEdit], [StaffOrder], [StaffConfirm], [StaffDone], [ConfirmTime], [DoneTime], [Paid], [Notes]) VALUES (38, CAST(0xA4F602C0 AS SmallDateTime), 6, 3, 1, 1, 1, 0, 0, N'linh', N'linh', N'linh', CAST(0xA4F602C0 AS SmallDateTime), CAST(0xA4F602C0 AS SmallDateTime), 1, N'')
INSERT [dbo].[Ordering] ([ID], [TimeIn], [TableID], [ProductID], [Quantity], [ChefConfirm], [ChefDone], [IsNew], [IsEdit], [StaffOrder], [StaffConfirm], [StaffDone], [ConfirmTime], [DoneTime], [Paid], [Notes]) VALUES (39, CAST(0xA4F602C0 AS SmallDateTime), 6, 22, 1, 1, 1, 0, 0, N'linh', N'linh', N'linh', CAST(0xA4F602C0 AS SmallDateTime), CAST(0xA4F602C0 AS SmallDateTime), 1, N'')
INSERT [dbo].[Ordering] ([ID], [TimeIn], [TableID], [ProductID], [Quantity], [ChefConfirm], [ChefDone], [IsNew], [IsEdit], [StaffOrder], [StaffConfirm], [StaffDone], [ConfirmTime], [DoneTime], [Paid], [Notes]) VALUES (40, CAST(0xA4F602D0 AS SmallDateTime), 1, 3, 1, 1, 1, 0, 0, N'linh', N'linh', N'linh', CAST(0xA4F602D0 AS SmallDateTime), CAST(0xA4F602D0 AS SmallDateTime), 1, N'')
INSERT [dbo].[Ordering] ([ID], [TimeIn], [TableID], [ProductID], [Quantity], [ChefConfirm], [ChefDone], [IsNew], [IsEdit], [StaffOrder], [StaffConfirm], [StaffDone], [ConfirmTime], [DoneTime], [Paid], [Notes]) VALUES (41, CAST(0xA4F602D0 AS SmallDateTime), 1, 1, 1, 1, 1, 0, 0, N'linh', N'linh', N'linh', CAST(0xA4F602D0 AS SmallDateTime), CAST(0xA4F602D0 AS SmallDateTime), 1, N'')
INSERT [dbo].[Ordering] ([ID], [TimeIn], [TableID], [ProductID], [Quantity], [ChefConfirm], [ChefDone], [IsNew], [IsEdit], [StaffOrder], [StaffConfirm], [StaffDone], [ConfirmTime], [DoneTime], [Paid], [Notes]) VALUES (42, CAST(0xA4F602D4 AS SmallDateTime), 1, 45, 1, 1, 1, 0, 0, N'linh', N'linh', N'linh', CAST(0xA4F602D4 AS SmallDateTime), CAST(0xA4F602D4 AS SmallDateTime), 1, N'')
INSERT [dbo].[Ordering] ([ID], [TimeIn], [TableID], [ProductID], [Quantity], [ChefConfirm], [ChefDone], [IsNew], [IsEdit], [StaffOrder], [StaffConfirm], [StaffDone], [ConfirmTime], [DoneTime], [Paid], [Notes]) VALUES (43, CAST(0xA4F602D8 AS SmallDateTime), 1, 3, 1, 1, 1, 0, 0, N'linh', N'linh', N'linh', CAST(0xA4F602D8 AS SmallDateTime), CAST(0xA4F602D8 AS SmallDateTime), 1, N'')
INSERT [dbo].[Ordering] ([ID], [TimeIn], [TableID], [ProductID], [Quantity], [ChefConfirm], [ChefDone], [IsNew], [IsEdit], [StaffOrder], [StaffConfirm], [StaffDone], [ConfirmTime], [DoneTime], [Paid], [Notes]) VALUES (44, CAST(0xA4F602D8 AS SmallDateTime), 1, 4, 1, 1, 1, 0, 0, N'linh', N'linh', N'linh', CAST(0xA4F602D8 AS SmallDateTime), CAST(0xA4F602D8 AS SmallDateTime), 1, N'')
INSERT [dbo].[Ordering] ([ID], [TimeIn], [TableID], [ProductID], [Quantity], [ChefConfirm], [ChefDone], [IsNew], [IsEdit], [StaffOrder], [StaffConfirm], [StaffDone], [ConfirmTime], [DoneTime], [Paid], [Notes]) VALUES (45, CAST(0xA4F602D8 AS SmallDateTime), 1, 30, 1, 1, 1, 0, 0, N'linh', N'linh', N'linh', CAST(0xA4F602D8 AS SmallDateTime), CAST(0xA4F602D8 AS SmallDateTime), 1, N'')
INSERT [dbo].[Ordering] ([ID], [TimeIn], [TableID], [ProductID], [Quantity], [ChefConfirm], [ChefDone], [IsNew], [IsEdit], [StaffOrder], [StaffConfirm], [StaffDone], [ConfirmTime], [DoneTime], [Paid], [Notes]) VALUES (46, CAST(0xA4F6035C AS SmallDateTime), 1, 23, 2, 1, 1, 0, 0, N'linh', N'linh', N'linh', CAST(0xA4F6035C AS SmallDateTime), CAST(0xA4F6035C AS SmallDateTime), 1, N'')
INSERT [dbo].[Ordering] ([ID], [TimeIn], [TableID], [ProductID], [Quantity], [ChefConfirm], [ChefDone], [IsNew], [IsEdit], [StaffOrder], [StaffConfirm], [StaffDone], [ConfirmTime], [DoneTime], [Paid], [Notes]) VALUES (47, CAST(0xA4F6035E AS SmallDateTime), 6, 20, 1, 1, 1, 0, 0, N'linh', N'linh', N'linh', CAST(0xA4F6035E AS SmallDateTime), CAST(0xA4F6035E AS SmallDateTime), 1, N'')
INSERT [dbo].[Ordering] ([ID], [TimeIn], [TableID], [ProductID], [Quantity], [ChefConfirm], [ChefDone], [IsNew], [IsEdit], [StaffOrder], [StaffConfirm], [StaffDone], [ConfirmTime], [DoneTime], [Paid], [Notes]) VALUES (48, CAST(0xA4F6035E AS SmallDateTime), 6, 22, 1, 1, 1, 0, 0, N'linh', N'linh', N'linh', CAST(0xA4F6035E AS SmallDateTime), CAST(0xA4F6035E AS SmallDateTime), 1, N'')
INSERT [dbo].[Ordering] ([ID], [TimeIn], [TableID], [ProductID], [Quantity], [ChefConfirm], [ChefDone], [IsNew], [IsEdit], [StaffOrder], [StaffConfirm], [StaffDone], [ConfirmTime], [DoneTime], [Paid], [Notes]) VALUES (49, CAST(0xA4F60458 AS SmallDateTime), 6, 15, 1, 1, 1, 0, 0, N'linh', N'linh', N'linh', CAST(0xA4F60458 AS SmallDateTime), CAST(0xA4F60458 AS SmallDateTime), 1, N'')
INSERT [dbo].[Ordering] ([ID], [TimeIn], [TableID], [ProductID], [Quantity], [ChefConfirm], [ChefDone], [IsNew], [IsEdit], [StaffOrder], [StaffConfirm], [StaffDone], [ConfirmTime], [DoneTime], [Paid], [Notes]) VALUES (50, CAST(0xA4F6045C AS SmallDateTime), 6, 17, 1, 1, 1, 0, 0, N'linh', N'linh', N'linh', CAST(0xA4F6045C AS SmallDateTime), CAST(0xA4F6045C AS SmallDateTime), 1, N'')
INSERT [dbo].[Ordering] ([ID], [TimeIn], [TableID], [ProductID], [Quantity], [ChefConfirm], [ChefDone], [IsNew], [IsEdit], [StaffOrder], [StaffConfirm], [StaffDone], [ConfirmTime], [DoneTime], [Paid], [Notes]) VALUES (51, CAST(0xA4F6045D AS SmallDateTime), 6, 22, 1, 1, 1, 0, 0, N'linh', N'linh', N'linh', CAST(0xA4F6045D AS SmallDateTime), CAST(0xA4F6045D AS SmallDateTime), 1, N'')
INSERT [dbo].[Ordering] ([ID], [TimeIn], [TableID], [ProductID], [Quantity], [ChefConfirm], [ChefDone], [IsNew], [IsEdit], [StaffOrder], [StaffConfirm], [StaffDone], [ConfirmTime], [DoneTime], [Paid], [Notes]) VALUES (52, CAST(0xA4F6045D AS SmallDateTime), 6, 20, 1, 1, 1, 0, 0, N'linh', N'linh', N'linh', CAST(0xA4F6045D AS SmallDateTime), CAST(0xA4F6045D AS SmallDateTime), 1, N'')
INSERT [dbo].[Ordering] ([ID], [TimeIn], [TableID], [ProductID], [Quantity], [ChefConfirm], [ChefDone], [IsNew], [IsEdit], [StaffOrder], [StaffConfirm], [StaffDone], [ConfirmTime], [DoneTime], [Paid], [Notes]) VALUES (53, CAST(0xA4F6045D AS SmallDateTime), 6, 17, 1, 1, 1, 0, 0, N'linh', N'linh', N'linh', CAST(0xA4F6045D AS SmallDateTime), CAST(0xA4F6045D AS SmallDateTime), 1, N'')
INSERT [dbo].[Ordering] ([ID], [TimeIn], [TableID], [ProductID], [Quantity], [ChefConfirm], [ChefDone], [IsNew], [IsEdit], [StaffOrder], [StaffConfirm], [StaffDone], [ConfirmTime], [DoneTime], [Paid], [Notes]) VALUES (54, CAST(0xA4F70395 AS SmallDateTime), 1, 45, 38, 1, 1, 0, 0, N'linh', N'linh', N'linh', CAST(0xA4F70395 AS SmallDateTime), CAST(0xA4F70395 AS SmallDateTime), 1, N'')
INSERT [dbo].[Ordering] ([ID], [TimeIn], [TableID], [ProductID], [Quantity], [ChefConfirm], [ChefDone], [IsNew], [IsEdit], [StaffOrder], [StaffConfirm], [StaffDone], [ConfirmTime], [DoneTime], [Paid], [Notes]) VALUES (55, CAST(0xA4F70396 AS SmallDateTime), 1, 39, 4, 1, 1, 0, 0, N'linh', N'linh', N'linh', CAST(0xA4F70396 AS SmallDateTime), CAST(0xA4F70396 AS SmallDateTime), 1, N'')
INSERT [dbo].[Ordering] ([ID], [TimeIn], [TableID], [ProductID], [Quantity], [ChefConfirm], [ChefDone], [IsNew], [IsEdit], [StaffOrder], [StaffConfirm], [StaffDone], [ConfirmTime], [DoneTime], [Paid], [Notes]) VALUES (56, CAST(0xA4F70396 AS SmallDateTime), 1, 15, 1, 1, 1, 0, 0, N'linh', N'linh', N'linh', CAST(0xA4F70396 AS SmallDateTime), CAST(0xA4F70396 AS SmallDateTime), 1, N'')
INSERT [dbo].[Ordering] ([ID], [TimeIn], [TableID], [ProductID], [Quantity], [ChefConfirm], [ChefDone], [IsNew], [IsEdit], [StaffOrder], [StaffConfirm], [StaffDone], [ConfirmTime], [DoneTime], [Paid], [Notes]) VALUES (57, CAST(0xA4F70397 AS SmallDateTime), 1, 1, 1, 1, 1, 0, 0, N'linh', N'linh', N'linh', CAST(0xA4F70397 AS SmallDateTime), CAST(0xA4F70397 AS SmallDateTime), 1, N'')
INSERT [dbo].[Ordering] ([ID], [TimeIn], [TableID], [ProductID], [Quantity], [ChefConfirm], [ChefDone], [IsNew], [IsEdit], [StaffOrder], [StaffConfirm], [StaffDone], [ConfirmTime], [DoneTime], [Paid], [Notes]) VALUES (58, CAST(0xA4F70397 AS SmallDateTime), 1, 20, 1, 1, 1, 0, 0, N'linh', N'linh', N'linh', CAST(0xA4F70397 AS SmallDateTime), CAST(0xA4F70397 AS SmallDateTime), 1, N'')
INSERT [dbo].[Ordering] ([ID], [TimeIn], [TableID], [ProductID], [Quantity], [ChefConfirm], [ChefDone], [IsNew], [IsEdit], [StaffOrder], [StaffConfirm], [StaffDone], [ConfirmTime], [DoneTime], [Paid], [Notes]) VALUES (59, CAST(0xA4F70399 AS SmallDateTime), 3, 45, 38, 1, 1, 0, 0, N'linh', N'linh', N'linh', CAST(0xA4F70399 AS SmallDateTime), CAST(0xA4F70399 AS SmallDateTime), 1, N'')
INSERT [dbo].[Ordering] ([ID], [TimeIn], [TableID], [ProductID], [Quantity], [ChefConfirm], [ChefDone], [IsNew], [IsEdit], [StaffOrder], [StaffConfirm], [StaffDone], [ConfirmTime], [DoneTime], [Paid], [Notes]) VALUES (60, CAST(0xA4F70399 AS SmallDateTime), 3, 39, 4, 1, 1, 0, 0, N'linh', N'linh', N'linh', CAST(0xA4F70399 AS SmallDateTime), CAST(0xA4F70399 AS SmallDateTime), 1, N'')
INSERT [dbo].[Ordering] ([ID], [TimeIn], [TableID], [ProductID], [Quantity], [ChefConfirm], [ChefDone], [IsNew], [IsEdit], [StaffOrder], [StaffConfirm], [StaffDone], [ConfirmTime], [DoneTime], [Paid], [Notes]) VALUES (61, CAST(0xA4F70399 AS SmallDateTime), 3, 15, 1, 1, 1, 0, 0, N'linh', N'linh', N'linh', CAST(0xA4F70399 AS SmallDateTime), CAST(0xA4F70399 AS SmallDateTime), 1, N'')
INSERT [dbo].[Ordering] ([ID], [TimeIn], [TableID], [ProductID], [Quantity], [ChefConfirm], [ChefDone], [IsNew], [IsEdit], [StaffOrder], [StaffConfirm], [StaffDone], [ConfirmTime], [DoneTime], [Paid], [Notes]) VALUES (62, CAST(0xA4F70399 AS SmallDateTime), 3, 22, 1, 1, 1, 0, 0, N'linh', N'linh', N'linh', CAST(0xA4F70399 AS SmallDateTime), CAST(0xA4F70399 AS SmallDateTime), 1, N'')
INSERT [dbo].[Ordering] ([ID], [TimeIn], [TableID], [ProductID], [Quantity], [ChefConfirm], [ChefDone], [IsNew], [IsEdit], [StaffOrder], [StaffConfirm], [StaffDone], [ConfirmTime], [DoneTime], [Paid], [Notes]) VALUES (63, CAST(0xA4F70399 AS SmallDateTime), 3, 20, 1, 1, 1, 0, 0, N'linh', N'linh', N'linh', CAST(0xA4F70399 AS SmallDateTime), CAST(0xA4F70399 AS SmallDateTime), 1, N'')
INSERT [dbo].[Ordering] ([ID], [TimeIn], [TableID], [ProductID], [Quantity], [ChefConfirm], [ChefDone], [IsNew], [IsEdit], [StaffOrder], [StaffConfirm], [StaffDone], [ConfirmTime], [DoneTime], [Paid], [Notes]) VALUES (64, CAST(0xA4F7039E AS SmallDateTime), 1, 1, 1, 1, 1, 0, 0, N'linh', N'linh', N'linh', CAST(0xA4F7039E AS SmallDateTime), CAST(0xA4F7039E AS SmallDateTime), 1, N'')
INSERT [dbo].[Ordering] ([ID], [TimeIn], [TableID], [ProductID], [Quantity], [ChefConfirm], [ChefDone], [IsNew], [IsEdit], [StaffOrder], [StaffConfirm], [StaffDone], [ConfirmTime], [DoneTime], [Paid], [Notes]) VALUES (65, CAST(0xA4F7039E AS SmallDateTime), 1, 3, 1, 1, 1, 0, 0, N'linh', N'linh', N'linh', CAST(0xA4F7039E AS SmallDateTime), CAST(0xA4F7039E AS SmallDateTime), 1, N'')
INSERT [dbo].[Ordering] ([ID], [TimeIn], [TableID], [ProductID], [Quantity], [ChefConfirm], [ChefDone], [IsNew], [IsEdit], [StaffOrder], [StaffConfirm], [StaffDone], [ConfirmTime], [DoneTime], [Paid], [Notes]) VALUES (66, CAST(0xA4F7039E AS SmallDateTime), 1, 23, 1, 1, 1, 0, 0, N'linh', N'linh', N'linh', CAST(0xA4F7039E AS SmallDateTime), CAST(0xA4F7039E AS SmallDateTime), 1, N'')
INSERT [dbo].[Ordering] ([ID], [TimeIn], [TableID], [ProductID], [Quantity], [ChefConfirm], [ChefDone], [IsNew], [IsEdit], [StaffOrder], [StaffConfirm], [StaffDone], [ConfirmTime], [DoneTime], [Paid], [Notes]) VALUES (67, CAST(0xA4F70410 AS SmallDateTime), 1, 3, 1, 1, 1, 0, 0, N'linh', N'linh', N'linh', CAST(0xA4F70410 AS SmallDateTime), CAST(0xA4F70410 AS SmallDateTime), 1, N'')
INSERT [dbo].[Ordering] ([ID], [TimeIn], [TableID], [ProductID], [Quantity], [ChefConfirm], [ChefDone], [IsNew], [IsEdit], [StaffOrder], [StaffConfirm], [StaffDone], [ConfirmTime], [DoneTime], [Paid], [Notes]) VALUES (68, CAST(0xA4F70410 AS SmallDateTime), 1, 7, 1, 1, 1, 0, 0, N'linh', N'linh', N'linh', CAST(0xA4F70410 AS SmallDateTime), CAST(0xA4F70410 AS SmallDateTime), 1, N'')
INSERT [dbo].[Ordering] ([ID], [TimeIn], [TableID], [ProductID], [Quantity], [ChefConfirm], [ChefDone], [IsNew], [IsEdit], [StaffOrder], [StaffConfirm], [StaffDone], [ConfirmTime], [DoneTime], [Paid], [Notes]) VALUES (69, CAST(0xA4F70412 AS SmallDateTime), 1, 4, 1, 1, 1, 0, 0, N'linh', N'linh', N'linh', CAST(0xA4F70412 AS SmallDateTime), CAST(0xA4F70412 AS SmallDateTime), 1, N'')
INSERT [dbo].[Ordering] ([ID], [TimeIn], [TableID], [ProductID], [Quantity], [ChefConfirm], [ChefDone], [IsNew], [IsEdit], [StaffOrder], [StaffConfirm], [StaffDone], [ConfirmTime], [DoneTime], [Paid], [Notes]) VALUES (70, CAST(0xA4F70412 AS SmallDateTime), 1, 3, 1, 1, 1, 0, 0, N'linh', N'linh', N'linh', CAST(0xA4F70412 AS SmallDateTime), CAST(0xA4F70412 AS SmallDateTime), 1, N'')
INSERT [dbo].[Ordering] ([ID], [TimeIn], [TableID], [ProductID], [Quantity], [ChefConfirm], [ChefDone], [IsNew], [IsEdit], [StaffOrder], [StaffConfirm], [StaffDone], [ConfirmTime], [DoneTime], [Paid], [Notes]) VALUES (71, CAST(0xA4F803DB AS SmallDateTime), 1, 45, 1, 1, 1, 0, 0, N'linh', N'linh', N'linh', CAST(0xA4F803DB AS SmallDateTime), CAST(0xA4F803DB AS SmallDateTime), 1, N'')
INSERT [dbo].[Ordering] ([ID], [TimeIn], [TableID], [ProductID], [Quantity], [ChefConfirm], [ChefDone], [IsNew], [IsEdit], [StaffOrder], [StaffConfirm], [StaffDone], [ConfirmTime], [DoneTime], [Paid], [Notes]) VALUES (72, CAST(0xA4F803DB AS SmallDateTime), 1, 1, 1, 1, 1, 0, 0, N'linh', N'linh', N'linh', CAST(0xA4F803DB AS SmallDateTime), CAST(0xA4F803DB AS SmallDateTime), 1, N'')
INSERT [dbo].[Ordering] ([ID], [TimeIn], [TableID], [ProductID], [Quantity], [ChefConfirm], [ChefDone], [IsNew], [IsEdit], [StaffOrder], [StaffConfirm], [StaffDone], [ConfirmTime], [DoneTime], [Paid], [Notes]) VALUES (73, CAST(0xA4F803DD AS SmallDateTime), 2, 45, 30, 1, 1, 0, 0, N'linh', N'linh', N'linh', CAST(0xA4F803DD AS SmallDateTime), CAST(0xA4F803DD AS SmallDateTime), 1, N'')
INSERT [dbo].[Ordering] ([ID], [TimeIn], [TableID], [ProductID], [Quantity], [ChefConfirm], [ChefDone], [IsNew], [IsEdit], [StaffOrder], [StaffConfirm], [StaffDone], [ConfirmTime], [DoneTime], [Paid], [Notes]) VALUES (74, CAST(0xA4F803DF AS SmallDateTime), 2, 45, 30, 1, 1, 0, 0, N'linh', N'linh', N'linh', CAST(0xA4F803DF AS SmallDateTime), CAST(0xA4F803DF AS SmallDateTime), 1, N'')
INSERT [dbo].[Ordering] ([ID], [TimeIn], [TableID], [ProductID], [Quantity], [ChefConfirm], [ChefDone], [IsNew], [IsEdit], [StaffOrder], [StaffConfirm], [StaffDone], [ConfirmTime], [DoneTime], [Paid], [Notes]) VALUES (75, CAST(0xA4F803E0 AS SmallDateTime), 2, 32, 2, 1, 1, 0, 0, N'linh', N'linh', N'linh', CAST(0xA4F803E0 AS SmallDateTime), CAST(0xA4F803E0 AS SmallDateTime), 1, N'')
INSERT [dbo].[Ordering] ([ID], [TimeIn], [TableID], [ProductID], [Quantity], [ChefConfirm], [ChefDone], [IsNew], [IsEdit], [StaffOrder], [StaffConfirm], [StaffDone], [ConfirmTime], [DoneTime], [Paid], [Notes]) VALUES (76, CAST(0xA4F803E2 AS SmallDateTime), 6, 7, 2, 1, 1, 0, 0, N'linh', N'linh', N'linh', CAST(0xA4F803E2 AS SmallDateTime), CAST(0xA4F803E2 AS SmallDateTime), 1, N'')
INSERT [dbo].[Ordering] ([ID], [TimeIn], [TableID], [ProductID], [Quantity], [ChefConfirm], [ChefDone], [IsNew], [IsEdit], [StaffOrder], [StaffConfirm], [StaffDone], [ConfirmTime], [DoneTime], [Paid], [Notes]) VALUES (77, CAST(0xA4F803E2 AS SmallDateTime), 6, 23, 1, 1, 1, 0, 0, N'linh', N'linh', N'linh', CAST(0xA4F803E2 AS SmallDateTime), CAST(0xA4F803E2 AS SmallDateTime), 1, N'')
INSERT [dbo].[Ordering] ([ID], [TimeIn], [TableID], [ProductID], [Quantity], [ChefConfirm], [ChefDone], [IsNew], [IsEdit], [StaffOrder], [StaffConfirm], [StaffDone], [ConfirmTime], [DoneTime], [Paid], [Notes]) VALUES (78, CAST(0xA4F90293 AS SmallDateTime), 1, 32, 2, 1, 1, 0, 0, N'linh', N'linh', N'linh', CAST(0xA4F90293 AS SmallDateTime), CAST(0xA4F90293 AS SmallDateTime), 1, N'')
INSERT [dbo].[Ordering] ([ID], [TimeIn], [TableID], [ProductID], [Quantity], [ChefConfirm], [ChefDone], [IsNew], [IsEdit], [StaffOrder], [StaffConfirm], [StaffDone], [ConfirmTime], [DoneTime], [Paid], [Notes]) VALUES (79, CAST(0xA4F9037A AS SmallDateTime), 1, 32, 2, 1, 1, 0, 0, N'linh', N'linh', N'linh', CAST(0xA4F9037A AS SmallDateTime), CAST(0xA4F9037A AS SmallDateTime), 1, N'')
INSERT [dbo].[Ordering] ([ID], [TimeIn], [TableID], [ProductID], [Quantity], [ChefConfirm], [ChefDone], [IsNew], [IsEdit], [StaffOrder], [StaffConfirm], [StaffDone], [ConfirmTime], [DoneTime], [Paid], [Notes]) VALUES (80, CAST(0xA4F9037B AS SmallDateTime), 1, 45, 21, 1, 1, 0, 0, N'linh', N'linh', N'linh', CAST(0xA4F9037B AS SmallDateTime), CAST(0xA4F9037B AS SmallDateTime), 1, N'')
INSERT [dbo].[Ordering] ([ID], [TimeIn], [TableID], [ProductID], [Quantity], [ChefConfirm], [ChefDone], [IsNew], [IsEdit], [StaffOrder], [StaffConfirm], [StaffDone], [ConfirmTime], [DoneTime], [Paid], [Notes]) VALUES (81, CAST(0xA4F9037B AS SmallDateTime), 1, 39, 4, 1, 1, 0, 0, N'linh', N'linh', N'linh', CAST(0xA4F9037B AS SmallDateTime), CAST(0xA4F9037B AS SmallDateTime), 1, N'')
INSERT [dbo].[Ordering] ([ID], [TimeIn], [TableID], [ProductID], [Quantity], [ChefConfirm], [ChefDone], [IsNew], [IsEdit], [StaffOrder], [StaffConfirm], [StaffDone], [ConfirmTime], [DoneTime], [Paid], [Notes]) VALUES (82, CAST(0xA4F9037B AS SmallDateTime), 1, 23, 1, 1, 1, 0, 0, N'linh', N'linh', N'linh', CAST(0xA4F9037B AS SmallDateTime), CAST(0xA4F9037B AS SmallDateTime), 1, N'')
INSERT [dbo].[Ordering] ([ID], [TimeIn], [TableID], [ProductID], [Quantity], [ChefConfirm], [ChefDone], [IsNew], [IsEdit], [StaffOrder], [StaffConfirm], [StaffDone], [ConfirmTime], [DoneTime], [Paid], [Notes]) VALUES (83, CAST(0xA4F9037D AS SmallDateTime), 1, 45, 21, 1, 1, 0, 0, N'linh', N'linh', N'linh', CAST(0xA4F9037D AS SmallDateTime), CAST(0xA4F9037D AS SmallDateTime), 1, N'')
INSERT [dbo].[Ordering] ([ID], [TimeIn], [TableID], [ProductID], [Quantity], [ChefConfirm], [ChefDone], [IsNew], [IsEdit], [StaffOrder], [StaffConfirm], [StaffDone], [ConfirmTime], [DoneTime], [Paid], [Notes]) VALUES (84, CAST(0xA4F9037D AS SmallDateTime), 1, 39, 4, 1, 1, 0, 0, N'linh', N'linh', N'linh', CAST(0xA4F9037D AS SmallDateTime), CAST(0xA4F9037D AS SmallDateTime), 1, N'')
INSERT [dbo].[Ordering] ([ID], [TimeIn], [TableID], [ProductID], [Quantity], [ChefConfirm], [ChefDone], [IsNew], [IsEdit], [StaffOrder], [StaffConfirm], [StaffDone], [ConfirmTime], [DoneTime], [Paid], [Notes]) VALUES (85, CAST(0xA4F9037D AS SmallDateTime), 1, 23, 1, 1, 1, 0, 0, N'linh', N'linh', N'linh', CAST(0xA4F9037D AS SmallDateTime), CAST(0xA4F9037D AS SmallDateTime), 1, N'')
INSERT [dbo].[Ordering] ([ID], [TimeIn], [TableID], [ProductID], [Quantity], [ChefConfirm], [ChefDone], [IsNew], [IsEdit], [StaffOrder], [StaffConfirm], [StaffDone], [ConfirmTime], [DoneTime], [Paid], [Notes]) VALUES (86, CAST(0xA4FA0327 AS SmallDateTime), 1, 45, 22, 1, 1, 0, 0, N'linh', N'linh', N'linh', CAST(0xA4FA0327 AS SmallDateTime), CAST(0xA4FA0327 AS SmallDateTime), 1, N'')
INSERT [dbo].[Ordering] ([ID], [TimeIn], [TableID], [ProductID], [Quantity], [ChefConfirm], [ChefDone], [IsNew], [IsEdit], [StaffOrder], [StaffConfirm], [StaffDone], [ConfirmTime], [DoneTime], [Paid], [Notes]) VALUES (87, CAST(0xA4FA0327 AS SmallDateTime), 1, 39, 1, 1, 1, 0, 0, N'linh', N'linh', N'linh', CAST(0xA4FA0327 AS SmallDateTime), CAST(0xA4FA0327 AS SmallDateTime), 1, N'')
INSERT [dbo].[Ordering] ([ID], [TimeIn], [TableID], [ProductID], [Quantity], [ChefConfirm], [ChefDone], [IsNew], [IsEdit], [StaffOrder], [StaffConfirm], [StaffDone], [ConfirmTime], [DoneTime], [Paid], [Notes]) VALUES (88, CAST(0xA4FA0327 AS SmallDateTime), 1, 15, 1, 1, 1, 0, 0, N'linh', N'linh', N'linh', CAST(0xA4FA0327 AS SmallDateTime), CAST(0xA4FA0327 AS SmallDateTime), 1, N'')
INSERT [dbo].[Ordering] ([ID], [TimeIn], [TableID], [ProductID], [Quantity], [ChefConfirm], [ChefDone], [IsNew], [IsEdit], [StaffOrder], [StaffConfirm], [StaffDone], [ConfirmTime], [DoneTime], [Paid], [Notes]) VALUES (89, CAST(0xA4FA0329 AS SmallDateTime), 1, 3, 1, 1, 1, 0, 0, N'linh', N'linh', N'linh', CAST(0xA4FA0329 AS SmallDateTime), CAST(0xA4FA0329 AS SmallDateTime), 1, N'')
INSERT [dbo].[Ordering] ([ID], [TimeIn], [TableID], [ProductID], [Quantity], [ChefConfirm], [ChefDone], [IsNew], [IsEdit], [StaffOrder], [StaffConfirm], [StaffDone], [ConfirmTime], [DoneTime], [Paid], [Notes]) VALUES (90, CAST(0xA4FA0329 AS SmallDateTime), 1, 7, 1, 1, 1, 0, 0, N'linh', N'linh', N'linh', CAST(0xA4FA0329 AS SmallDateTime), CAST(0xA4FA0329 AS SmallDateTime), 1, N'')
INSERT [dbo].[Ordering] ([ID], [TimeIn], [TableID], [ProductID], [Quantity], [ChefConfirm], [ChefDone], [IsNew], [IsEdit], [StaffOrder], [StaffConfirm], [StaffDone], [ConfirmTime], [DoneTime], [Paid], [Notes]) VALUES (91, CAST(0xA4FA0530 AS SmallDateTime), 1, 22, 4, 1, 1, 0, 0, N'linh', N'linh', N'linh', CAST(0xA4FA0530 AS SmallDateTime), CAST(0xA4FA0530 AS SmallDateTime), 1, N'')
INSERT [dbo].[Ordering] ([ID], [TimeIn], [TableID], [ProductID], [Quantity], [ChefConfirm], [ChefDone], [IsNew], [IsEdit], [StaffOrder], [StaffConfirm], [StaffDone], [ConfirmTime], [DoneTime], [Paid], [Notes]) VALUES (92, CAST(0xA4FB0490 AS SmallDateTime), 6, 40, 1, 1, 1, 0, 0, N'linh', N'linh', N'linh', CAST(0xA4FB0490 AS SmallDateTime), CAST(0xA4FB0490 AS SmallDateTime), 1, N'')
INSERT [dbo].[Ordering] ([ID], [TimeIn], [TableID], [ProductID], [Quantity], [ChefConfirm], [ChefDone], [IsNew], [IsEdit], [StaffOrder], [StaffConfirm], [StaffDone], [ConfirmTime], [DoneTime], [Paid], [Notes]) VALUES (93, CAST(0xA4FB0490 AS SmallDateTime), 6, 22, 1, 1, 1, 0, 0, N'linh', N'linh', N'linh', CAST(0xA4FB0490 AS SmallDateTime), CAST(0xA4FB0490 AS SmallDateTime), 1, N'')
INSERT [dbo].[Ordering] ([ID], [TimeIn], [TableID], [ProductID], [Quantity], [ChefConfirm], [ChefDone], [IsNew], [IsEdit], [StaffOrder], [StaffConfirm], [StaffDone], [ConfirmTime], [DoneTime], [Paid], [Notes]) VALUES (94, CAST(0xA4FB0490 AS SmallDateTime), 6, 23, 1, 1, 1, 0, 0, N'linh', N'linh', N'linh', CAST(0xA4FB0490 AS SmallDateTime), CAST(0xA4FB0490 AS SmallDateTime), 1, N'')
INSERT [dbo].[Ordering] ([ID], [TimeIn], [TableID], [ProductID], [Quantity], [ChefConfirm], [ChefDone], [IsNew], [IsEdit], [StaffOrder], [StaffConfirm], [StaffDone], [ConfirmTime], [DoneTime], [Paid], [Notes]) VALUES (95, CAST(0xA4FB04A9 AS SmallDateTime), 2, 23, 3, 1, 1, 0, 0, N'linh', N'linh', N'linh', CAST(0xA4FB04A9 AS SmallDateTime), CAST(0xA4FB04A9 AS SmallDateTime), 1, N'')
INSERT [dbo].[Ordering] ([ID], [TimeIn], [TableID], [ProductID], [Quantity], [ChefConfirm], [ChefDone], [IsNew], [IsEdit], [StaffOrder], [StaffConfirm], [StaffDone], [ConfirmTime], [DoneTime], [Paid], [Notes]) VALUES (96, CAST(0xA4FB04A9 AS SmallDateTime), 2, 5, 1, 1, 1, 0, 0, N'linh', N'linh', N'linh', CAST(0xA4FB04A9 AS SmallDateTime), CAST(0xA4FB04A9 AS SmallDateTime), 1, N'')
INSERT [dbo].[Ordering] ([ID], [TimeIn], [TableID], [ProductID], [Quantity], [ChefConfirm], [ChefDone], [IsNew], [IsEdit], [StaffOrder], [StaffConfirm], [StaffDone], [ConfirmTime], [DoneTime], [Paid], [Notes]) VALUES (97, CAST(0xA4FC01C3 AS SmallDateTime), 4, 22, 1, 1, 1, 0, 0, N'linh', N'linh', N'linh', CAST(0xA4FC01C3 AS SmallDateTime), CAST(0xA4FC01C3 AS SmallDateTime), 1, N'')
INSERT [dbo].[Ordering] ([ID], [TimeIn], [TableID], [ProductID], [Quantity], [ChefConfirm], [ChefDone], [IsNew], [IsEdit], [StaffOrder], [StaffConfirm], [StaffDone], [ConfirmTime], [DoneTime], [Paid], [Notes]) VALUES (98, CAST(0xA4FC01C7 AS SmallDateTime), 4, 23, 1, 1, 1, 0, 0, N'linh', N'linh', N'linh', CAST(0xA4FC01C7 AS SmallDateTime), CAST(0xA4FC01C7 AS SmallDateTime), 1, N'')
INSERT [dbo].[Ordering] ([ID], [TimeIn], [TableID], [ProductID], [Quantity], [ChefConfirm], [ChefDone], [IsNew], [IsEdit], [StaffOrder], [StaffConfirm], [StaffDone], [ConfirmTime], [DoneTime], [Paid], [Notes]) VALUES (99, CAST(0xA4FC030F AS SmallDateTime), 2, 45, 1, 1, 1, 0, 0, N'linh', N'linh', N'linh', CAST(0xA4FC030F AS SmallDateTime), CAST(0xA4FC030F AS SmallDateTime), 1, N'')
INSERT [dbo].[Ordering] ([ID], [TimeIn], [TableID], [ProductID], [Quantity], [ChefConfirm], [ChefDone], [IsNew], [IsEdit], [StaffOrder], [StaffConfirm], [StaffDone], [ConfirmTime], [DoneTime], [Paid], [Notes]) VALUES (100, CAST(0xA4FC030F AS SmallDateTime), 2, 1, 1, 1, 1, 0, 0, N'linh', N'linh', N'linh', CAST(0xA4FC030F AS SmallDateTime), CAST(0xA4FC030F AS SmallDateTime), 1, N'')
GO
print 'Processed 100 total records'
INSERT [dbo].[Ordering] ([ID], [TimeIn], [TableID], [ProductID], [Quantity], [ChefConfirm], [ChefDone], [IsNew], [IsEdit], [StaffOrder], [StaffConfirm], [StaffDone], [ConfirmTime], [DoneTime], [Paid], [Notes]) VALUES (101, CAST(0xA4FC0313 AS SmallDateTime), 1, 40, 1, 1, 1, 0, 0, N'linh', N'linh', N'linh', CAST(0xA4FC0313 AS SmallDateTime), CAST(0xA4FC0313 AS SmallDateTime), 1, N'')
INSERT [dbo].[Ordering] ([ID], [TimeIn], [TableID], [ProductID], [Quantity], [ChefConfirm], [ChefDone], [IsNew], [IsEdit], [StaffOrder], [StaffConfirm], [StaffDone], [ConfirmTime], [DoneTime], [Paid], [Notes]) VALUES (102, CAST(0xA4FC0313 AS SmallDateTime), 1, 4, 1, 1, 1, 0, 0, N'linh', N'linh', N'linh', CAST(0xA4FC0313 AS SmallDateTime), CAST(0xA4FC0313 AS SmallDateTime), 1, N'')
INSERT [dbo].[Ordering] ([ID], [TimeIn], [TableID], [ProductID], [Quantity], [ChefConfirm], [ChefDone], [IsNew], [IsEdit], [StaffOrder], [StaffConfirm], [StaffDone], [ConfirmTime], [DoneTime], [Paid], [Notes]) VALUES (103, CAST(0xA4FC033D AS SmallDateTime), 3, 22, 1, 1, 1, 0, 0, N'linh', N'linh', N'linh', CAST(0xA4FC033D AS SmallDateTime), CAST(0xA4FC033D AS SmallDateTime), 1, N'')
INSERT [dbo].[Ordering] ([ID], [TimeIn], [TableID], [ProductID], [Quantity], [ChefConfirm], [ChefDone], [IsNew], [IsEdit], [StaffOrder], [StaffConfirm], [StaffDone], [ConfirmTime], [DoneTime], [Paid], [Notes]) VALUES (104, CAST(0xA4FC0405 AS SmallDateTime), 1, 22, 1, 1, 1, 0, 0, N'linh', N'linh', N'linh', CAST(0xA4FC0405 AS SmallDateTime), CAST(0xA4FC0405 AS SmallDateTime), 1, N'')
INSERT [dbo].[Ordering] ([ID], [TimeIn], [TableID], [ProductID], [Quantity], [ChefConfirm], [ChefDone], [IsNew], [IsEdit], [StaffOrder], [StaffConfirm], [StaffDone], [ConfirmTime], [DoneTime], [Paid], [Notes]) VALUES (105, CAST(0xA4FC0405 AS SmallDateTime), 1, 32, 1, 1, 1, 0, 0, N'linh', N'linh', N'linh', CAST(0xA4FC0405 AS SmallDateTime), CAST(0xA4FC0405 AS SmallDateTime), 1, N'')
INSERT [dbo].[Ordering] ([ID], [TimeIn], [TableID], [ProductID], [Quantity], [ChefConfirm], [ChefDone], [IsNew], [IsEdit], [StaffOrder], [StaffConfirm], [StaffDone], [ConfirmTime], [DoneTime], [Paid], [Notes]) VALUES (106, CAST(0xA4FC0405 AS SmallDateTime), 1, 3, 1, 1, 1, 0, 0, N'linh', N'linh', N'linh', CAST(0xA4FC0405 AS SmallDateTime), CAST(0xA4FC0405 AS SmallDateTime), 1, N'')
INSERT [dbo].[Ordering] ([ID], [TimeIn], [TableID], [ProductID], [Quantity], [ChefConfirm], [ChefDone], [IsNew], [IsEdit], [StaffOrder], [StaffConfirm], [StaffDone], [ConfirmTime], [DoneTime], [Paid], [Notes]) VALUES (107, CAST(0xA4FC0410 AS SmallDateTime), 3, 32, 1, 1, 1, 0, 0, N'linh', N'linh', N'linh', CAST(0xA4FC0410 AS SmallDateTime), CAST(0xA4FC0410 AS SmallDateTime), 1, N'')
INSERT [dbo].[Ordering] ([ID], [TimeIn], [TableID], [ProductID], [Quantity], [ChefConfirm], [ChefDone], [IsNew], [IsEdit], [StaffOrder], [StaffConfirm], [StaffDone], [ConfirmTime], [DoneTime], [Paid], [Notes]) VALUES (108, CAST(0xA4FC0410 AS SmallDateTime), 3, 3, 1, 1, 1, 0, 0, N'linh', N'linh', N'linh', CAST(0xA4FC0410 AS SmallDateTime), CAST(0xA4FC0410 AS SmallDateTime), 1, N'')
INSERT [dbo].[Ordering] ([ID], [TimeIn], [TableID], [ProductID], [Quantity], [ChefConfirm], [ChefDone], [IsNew], [IsEdit], [StaffOrder], [StaffConfirm], [StaffDone], [ConfirmTime], [DoneTime], [Paid], [Notes]) VALUES (109, CAST(0xA4FC0410 AS SmallDateTime), 3, 22, 1, 1, 1, 0, 0, N'linh', N'linh', N'linh', CAST(0xA4FC0410 AS SmallDateTime), CAST(0xA4FC0410 AS SmallDateTime), 1, N'')
INSERT [dbo].[Ordering] ([ID], [TimeIn], [TableID], [ProductID], [Quantity], [ChefConfirm], [ChefDone], [IsNew], [IsEdit], [StaffOrder], [StaffConfirm], [StaffDone], [ConfirmTime], [DoneTime], [Paid], [Notes]) VALUES (110, CAST(0xA4FC0416 AS SmallDateTime), 2, 45, 2, 1, 1, 0, 0, N'linh', N'linh', N'linh', CAST(0xA4FC0416 AS SmallDateTime), CAST(0xA4FC0416 AS SmallDateTime), 1, N'')
INSERT [dbo].[Ordering] ([ID], [TimeIn], [TableID], [ProductID], [Quantity], [ChefConfirm], [ChefDone], [IsNew], [IsEdit], [StaffOrder], [StaffConfirm], [StaffDone], [ConfirmTime], [DoneTime], [Paid], [Notes]) VALUES (111, CAST(0xA4FC0417 AS SmallDateTime), 2, 3, 1, 1, 1, 0, 0, N'linh', N'linh', N'linh', CAST(0xA4FC0417 AS SmallDateTime), CAST(0xA4FC0417 AS SmallDateTime), 1, N'')
INSERT [dbo].[Ordering] ([ID], [TimeIn], [TableID], [ProductID], [Quantity], [ChefConfirm], [ChefDone], [IsNew], [IsEdit], [StaffOrder], [StaffConfirm], [StaffDone], [ConfirmTime], [DoneTime], [Paid], [Notes]) VALUES (112, CAST(0xA4FD0292 AS SmallDateTime), 1, 22, 1, 1, 1, 0, 0, N'linh', N'linh', N'linh', CAST(0xA4FD0292 AS SmallDateTime), CAST(0xA4FD0292 AS SmallDateTime), 1, N'')
INSERT [dbo].[Ordering] ([ID], [TimeIn], [TableID], [ProductID], [Quantity], [ChefConfirm], [ChefDone], [IsNew], [IsEdit], [StaffOrder], [StaffConfirm], [StaffDone], [ConfirmTime], [DoneTime], [Paid], [Notes]) VALUES (113, CAST(0xA4FD0292 AS SmallDateTime), 7, 22, 1, 1, 1, 0, 0, N'linh', N'linh', N'linh', CAST(0xA4FD0292 AS SmallDateTime), CAST(0xA4FD0292 AS SmallDateTime), 1, N'')
INSERT [dbo].[Ordering] ([ID], [TimeIn], [TableID], [ProductID], [Quantity], [ChefConfirm], [ChefDone], [IsNew], [IsEdit], [StaffOrder], [StaffConfirm], [StaffDone], [ConfirmTime], [DoneTime], [Paid], [Notes]) VALUES (114, CAST(0xA4FD0292 AS SmallDateTime), 7, 38, 1, 1, 1, 0, 0, N'linh', N'linh', N'linh', CAST(0xA4FD0292 AS SmallDateTime), CAST(0xA4FD0292 AS SmallDateTime), 1, N'')
INSERT [dbo].[Ordering] ([ID], [TimeIn], [TableID], [ProductID], [Quantity], [ChefConfirm], [ChefDone], [IsNew], [IsEdit], [StaffOrder], [StaffConfirm], [StaffDone], [ConfirmTime], [DoneTime], [Paid], [Notes]) VALUES (115, CAST(0xA4FD031F AS SmallDateTime), 8, 15, 1, 1, 1, 0, 0, N'linh', N'linh', N'linh', CAST(0xA4FD031F AS SmallDateTime), CAST(0xA4FD031F AS SmallDateTime), 1, N'')
INSERT [dbo].[Ordering] ([ID], [TimeIn], [TableID], [ProductID], [Quantity], [ChefConfirm], [ChefDone], [IsNew], [IsEdit], [StaffOrder], [StaffConfirm], [StaffDone], [ConfirmTime], [DoneTime], [Paid], [Notes]) VALUES (116, CAST(0xA4FD0322 AS SmallDateTime), 8, 3, 2, 1, 1, 0, 0, N'huy', N'huy', N'huy', CAST(0xA4FD0322 AS SmallDateTime), CAST(0xA4FD0322 AS SmallDateTime), 1, N'')
INSERT [dbo].[Ordering] ([ID], [TimeIn], [TableID], [ProductID], [Quantity], [ChefConfirm], [ChefDone], [IsNew], [IsEdit], [StaffOrder], [StaffConfirm], [StaffDone], [ConfirmTime], [DoneTime], [Paid], [Notes]) VALUES (117, CAST(0xA4FD0322 AS SmallDateTime), 8, 4, 1, 1, 1, 0, 0, N'huy', N'huy', N'huy', CAST(0xA4FD0322 AS SmallDateTime), CAST(0xA4FD0322 AS SmallDateTime), 1, N'')
INSERT [dbo].[Ordering] ([ID], [TimeIn], [TableID], [ProductID], [Quantity], [ChefConfirm], [ChefDone], [IsNew], [IsEdit], [StaffOrder], [StaffConfirm], [StaffDone], [ConfirmTime], [DoneTime], [Paid], [Notes]) VALUES (118, CAST(0xA4FD0323 AS SmallDateTime), 10, 15, 5, 1, 1, 0, 0, N'huy', N'huy', N'huy', CAST(0xA4FD0323 AS SmallDateTime), CAST(0xA4FD0323 AS SmallDateTime), 1, N'')
INSERT [dbo].[Ordering] ([ID], [TimeIn], [TableID], [ProductID], [Quantity], [ChefConfirm], [ChefDone], [IsNew], [IsEdit], [StaffOrder], [StaffConfirm], [StaffDone], [ConfirmTime], [DoneTime], [Paid], [Notes]) VALUES (119, CAST(0xA4FD0323 AS SmallDateTime), 10, 32, 1, 1, 1, 0, 0, N'huy', N'huy', N'huy', CAST(0xA4FD0323 AS SmallDateTime), CAST(0xA4FD0323 AS SmallDateTime), 1, N'')
INSERT [dbo].[Ordering] ([ID], [TimeIn], [TableID], [ProductID], [Quantity], [ChefConfirm], [ChefDone], [IsNew], [IsEdit], [StaffOrder], [StaffConfirm], [StaffDone], [ConfirmTime], [DoneTime], [Paid], [Notes]) VALUES (120, CAST(0xA4FD0400 AS SmallDateTime), 6, 22, 2, 1, 1, 0, 0, N'linh', N'linh', N'linh', CAST(0xA4FD0400 AS SmallDateTime), CAST(0xA4FD0400 AS SmallDateTime), 1, N'')
INSERT [dbo].[Ordering] ([ID], [TimeIn], [TableID], [ProductID], [Quantity], [ChefConfirm], [ChefDone], [IsNew], [IsEdit], [StaffOrder], [StaffConfirm], [StaffDone], [ConfirmTime], [DoneTime], [Paid], [Notes]) VALUES (121, CAST(0xA4FD0400 AS SmallDateTime), 6, 1, 0, 1, 1, 0, 0, N'linh', N'linh', N'linh', CAST(0xA4FD0400 AS SmallDateTime), CAST(0xA4FD0400 AS SmallDateTime), 1, N'')
INSERT [dbo].[Ordering] ([ID], [TimeIn], [TableID], [ProductID], [Quantity], [ChefConfirm], [ChefDone], [IsNew], [IsEdit], [StaffOrder], [StaffConfirm], [StaffDone], [ConfirmTime], [DoneTime], [Paid], [Notes]) VALUES (122, CAST(0xA4FD0400 AS SmallDateTime), 6, 3, 1, 1, 1, 0, 0, N'linh', N'linh', N'linh', CAST(0xA4FD0400 AS SmallDateTime), CAST(0xA4FD0400 AS SmallDateTime), 1, N'')
INSERT [dbo].[Ordering] ([ID], [TimeIn], [TableID], [ProductID], [Quantity], [ChefConfirm], [ChefDone], [IsNew], [IsEdit], [StaffOrder], [StaffConfirm], [StaffDone], [ConfirmTime], [DoneTime], [Paid], [Notes]) VALUES (123, CAST(0xA4FD0400 AS SmallDateTime), 6, 7, 1, 1, 1, 0, 0, N'linh', N'linh', N'linh', CAST(0xA4FD0400 AS SmallDateTime), CAST(0xA4FD0400 AS SmallDateTime), 1, N'')
INSERT [dbo].[Ordering] ([ID], [TimeIn], [TableID], [ProductID], [Quantity], [ChefConfirm], [ChefDone], [IsNew], [IsEdit], [StaffOrder], [StaffConfirm], [StaffDone], [ConfirmTime], [DoneTime], [Paid], [Notes]) VALUES (124, CAST(0xA4FD0400 AS SmallDateTime), 6, 38, 1, 1, 1, 0, 0, N'linh', N'linh', N'linh', CAST(0xA4FD0400 AS SmallDateTime), CAST(0xA4FD0400 AS SmallDateTime), 1, N'')
INSERT [dbo].[Ordering] ([ID], [TimeIn], [TableID], [ProductID], [Quantity], [ChefConfirm], [ChefDone], [IsNew], [IsEdit], [StaffOrder], [StaffConfirm], [StaffDone], [ConfirmTime], [DoneTime], [Paid], [Notes]) VALUES (125, CAST(0xA4FD0404 AS SmallDateTime), 6, 7, 1, 1, 1, 0, 0, N'linh', N'linh', N'linh', CAST(0xA4FD0404 AS SmallDateTime), CAST(0xA4FD0404 AS SmallDateTime), 1, N'')
INSERT [dbo].[Ordering] ([ID], [TimeIn], [TableID], [ProductID], [Quantity], [ChefConfirm], [ChefDone], [IsNew], [IsEdit], [StaffOrder], [StaffConfirm], [StaffDone], [ConfirmTime], [DoneTime], [Paid], [Notes]) VALUES (126, CAST(0xA4FD0404 AS SmallDateTime), 6, 33, 1, 1, 1, 0, 0, N'linh', N'linh', N'linh', CAST(0xA4FD0404 AS SmallDateTime), CAST(0xA4FD0404 AS SmallDateTime), 1, N'')
INSERT [dbo].[Ordering] ([ID], [TimeIn], [TableID], [ProductID], [Quantity], [ChefConfirm], [ChefDone], [IsNew], [IsEdit], [StaffOrder], [StaffConfirm], [StaffDone], [ConfirmTime], [DoneTime], [Paid], [Notes]) VALUES (127, CAST(0xA4FD0404 AS SmallDateTime), 6, 30, 1, 1, 1, 0, 0, N'linh', N'linh', N'linh', CAST(0xA4FD0404 AS SmallDateTime), CAST(0xA4FD0404 AS SmallDateTime), 1, N'')
INSERT [dbo].[Ordering] ([ID], [TimeIn], [TableID], [ProductID], [Quantity], [ChefConfirm], [ChefDone], [IsNew], [IsEdit], [StaffOrder], [StaffConfirm], [StaffDone], [ConfirmTime], [DoneTime], [Paid], [Notes]) VALUES (128, CAST(0xA4FD040B AS SmallDateTime), 6, 22, 2, 1, 1, 0, 0, N'linh', N'linh', N'linh', CAST(0xA4FD040B AS SmallDateTime), CAST(0xA4FD040B AS SmallDateTime), 1, N'')
INSERT [dbo].[Ordering] ([ID], [TimeIn], [TableID], [ProductID], [Quantity], [ChefConfirm], [ChefDone], [IsNew], [IsEdit], [StaffOrder], [StaffConfirm], [StaffDone], [ConfirmTime], [DoneTime], [Paid], [Notes]) VALUES (129, CAST(0xA4FD040B AS SmallDateTime), 6, 3, 1, 1, 1, 0, 0, N'linh', N'linh', N'linh', CAST(0xA4FD040B AS SmallDateTime), CAST(0xA4FD040B AS SmallDateTime), 1, N'')
INSERT [dbo].[Ordering] ([ID], [TimeIn], [TableID], [ProductID], [Quantity], [ChefConfirm], [ChefDone], [IsNew], [IsEdit], [StaffOrder], [StaffConfirm], [StaffDone], [ConfirmTime], [DoneTime], [Paid], [Notes]) VALUES (130, CAST(0xA4FD040B AS SmallDateTime), 6, 7, 1, 1, 1, 0, 0, N'linh', N'linh', N'linh', CAST(0xA4FD040B AS SmallDateTime), CAST(0xA4FD040B AS SmallDateTime), 1, N'')
INSERT [dbo].[Ordering] ([ID], [TimeIn], [TableID], [ProductID], [Quantity], [ChefConfirm], [ChefDone], [IsNew], [IsEdit], [StaffOrder], [StaffConfirm], [StaffDone], [ConfirmTime], [DoneTime], [Paid], [Notes]) VALUES (131, CAST(0xA4FD040B AS SmallDateTime), 6, 38, 1, 1, 1, 0, 0, N'linh', N'linh', N'linh', CAST(0xA4FD040B AS SmallDateTime), CAST(0xA4FD040B AS SmallDateTime), 1, N'')
INSERT [dbo].[Ordering] ([ID], [TimeIn], [TableID], [ProductID], [Quantity], [ChefConfirm], [ChefDone], [IsNew], [IsEdit], [StaffOrder], [StaffConfirm], [StaffDone], [ConfirmTime], [DoneTime], [Paid], [Notes]) VALUES (132, CAST(0xA4FD0444 AS SmallDateTime), 7, 22, 2, 1, 1, 0, 0, N'linh', N'linh', N'linh', CAST(0xA4FD0444 AS SmallDateTime), CAST(0xA4FD0444 AS SmallDateTime), 1, N'')
INSERT [dbo].[Ordering] ([ID], [TimeIn], [TableID], [ProductID], [Quantity], [ChefConfirm], [ChefDone], [IsNew], [IsEdit], [StaffOrder], [StaffConfirm], [StaffDone], [ConfirmTime], [DoneTime], [Paid], [Notes]) VALUES (133, CAST(0xA4FD0444 AS SmallDateTime), 7, 3, 1, 1, 1, 0, 0, N'linh', N'linh', N'linh', CAST(0xA4FD0444 AS SmallDateTime), CAST(0xA4FD0444 AS SmallDateTime), 1, N'')
INSERT [dbo].[Ordering] ([ID], [TimeIn], [TableID], [ProductID], [Quantity], [ChefConfirm], [ChefDone], [IsNew], [IsEdit], [StaffOrder], [StaffConfirm], [StaffDone], [ConfirmTime], [DoneTime], [Paid], [Notes]) VALUES (134, CAST(0xA4FD0444 AS SmallDateTime), 7, 7, 1, 1, 1, 0, 0, N'linh', N'linh', N'linh', CAST(0xA4FD0444 AS SmallDateTime), CAST(0xA4FD0444 AS SmallDateTime), 1, N'')
INSERT [dbo].[Ordering] ([ID], [TimeIn], [TableID], [ProductID], [Quantity], [ChefConfirm], [ChefDone], [IsNew], [IsEdit], [StaffOrder], [StaffConfirm], [StaffDone], [ConfirmTime], [DoneTime], [Paid], [Notes]) VALUES (135, CAST(0xA4FD0444 AS SmallDateTime), 7, 38, 1, 1, 1, 0, 0, N'linh', N'linh', N'linh', CAST(0xA4FD0444 AS SmallDateTime), CAST(0xA4FD0444 AS SmallDateTime), 1, N'')
INSERT [dbo].[Ordering] ([ID], [TimeIn], [TableID], [ProductID], [Quantity], [ChefConfirm], [ChefDone], [IsNew], [IsEdit], [StaffOrder], [StaffConfirm], [StaffDone], [ConfirmTime], [DoneTime], [Paid], [Notes]) VALUES (136, CAST(0xA4FD0444 AS SmallDateTime), 7, 1, 1, 1, 1, 0, 0, N'linh', N'linh', N'linh', CAST(0xA4FD0444 AS SmallDateTime), CAST(0xA4FD0444 AS SmallDateTime), 1, N'')
INSERT [dbo].[Ordering] ([ID], [TimeIn], [TableID], [ProductID], [Quantity], [ChefConfirm], [ChefDone], [IsNew], [IsEdit], [StaffOrder], [StaffConfirm], [StaffDone], [ConfirmTime], [DoneTime], [Paid], [Notes]) VALUES (137, CAST(0xA4FD04A0 AS SmallDateTime), 1, 32, 1, 1, 1, 0, 0, N'linh', N'linh', N'linh', CAST(0xA4FD04A0 AS SmallDateTime), CAST(0xA4FD04A0 AS SmallDateTime), 1, N'')
INSERT [dbo].[Ordering] ([ID], [TimeIn], [TableID], [ProductID], [Quantity], [ChefConfirm], [ChefDone], [IsNew], [IsEdit], [StaffOrder], [StaffConfirm], [StaffDone], [ConfirmTime], [DoneTime], [Paid], [Notes]) VALUES (138, CAST(0xA4FD04A3 AS SmallDateTime), 6, 26, 1, 1, 1, 0, 0, N'huy', N'huy', N'huy', CAST(0xA4FD04A3 AS SmallDateTime), CAST(0xA4FD04A3 AS SmallDateTime), 1, N'')
INSERT [dbo].[Ordering] ([ID], [TimeIn], [TableID], [ProductID], [Quantity], [ChefConfirm], [ChefDone], [IsNew], [IsEdit], [StaffOrder], [StaffConfirm], [StaffDone], [ConfirmTime], [DoneTime], [Paid], [Notes]) VALUES (139, CAST(0xA4FD04A3 AS SmallDateTime), 6, 23, 1, 1, 1, 0, 0, N'huy', N'huy', N'huy', CAST(0xA4FD04A3 AS SmallDateTime), CAST(0xA4FD04A3 AS SmallDateTime), 1, N'')
INSERT [dbo].[Ordering] ([ID], [TimeIn], [TableID], [ProductID], [Quantity], [ChefConfirm], [ChefDone], [IsNew], [IsEdit], [StaffOrder], [StaffConfirm], [StaffDone], [ConfirmTime], [DoneTime], [Paid], [Notes]) VALUES (140, CAST(0xA4FD04A3 AS SmallDateTime), 7, 23, 1, 1, 1, 0, 0, N'huy', N'huy', N'huy', CAST(0xA4FD04A3 AS SmallDateTime), CAST(0xA4FD04A3 AS SmallDateTime), 1, N'')
INSERT [dbo].[Ordering] ([ID], [TimeIn], [TableID], [ProductID], [Quantity], [ChefConfirm], [ChefDone], [IsNew], [IsEdit], [StaffOrder], [StaffConfirm], [StaffDone], [ConfirmTime], [DoneTime], [Paid], [Notes]) VALUES (141, CAST(0xA4FD04A3 AS SmallDateTime), 7, 36, 1, 1, 1, 0, 0, N'huy', N'huy', N'huy', CAST(0xA4FD04A3 AS SmallDateTime), CAST(0xA4FD04A3 AS SmallDateTime), 1, N'')
INSERT [dbo].[Ordering] ([ID], [TimeIn], [TableID], [ProductID], [Quantity], [ChefConfirm], [ChefDone], [IsNew], [IsEdit], [StaffOrder], [StaffConfirm], [StaffDone], [ConfirmTime], [DoneTime], [Paid], [Notes]) VALUES (142, CAST(0xA4FD04A5 AS SmallDateTime), 1, 32, 1, 1, 1, 0, 0, N'huy', N'huy', N'huy', CAST(0xA4FD04A5 AS SmallDateTime), CAST(0xA4FD04A5 AS SmallDateTime), 1, N'')
INSERT [dbo].[Ordering] ([ID], [TimeIn], [TableID], [ProductID], [Quantity], [ChefConfirm], [ChefDone], [IsNew], [IsEdit], [StaffOrder], [StaffConfirm], [StaffDone], [ConfirmTime], [DoneTime], [Paid], [Notes]) VALUES (143, CAST(0xA4FE0385 AS SmallDateTime), 1, 45, 31, 1, 1, 0, 0, N'linh', N'linh', N'linh', CAST(0xA4FE0385 AS SmallDateTime), CAST(0xA4FE0385 AS SmallDateTime), 1, N'')
INSERT [dbo].[Ordering] ([ID], [TimeIn], [TableID], [ProductID], [Quantity], [ChefConfirm], [ChefDone], [IsNew], [IsEdit], [StaffOrder], [StaffConfirm], [StaffDone], [ConfirmTime], [DoneTime], [Paid], [Notes]) VALUES (144, CAST(0xA4FE0385 AS SmallDateTime), 1, 39, 2, 1, 1, 0, 0, N'linh', N'linh', N'linh', CAST(0xA4FE0385 AS SmallDateTime), CAST(0xA4FE0385 AS SmallDateTime), 1, N'')
INSERT [dbo].[Ordering] ([ID], [TimeIn], [TableID], [ProductID], [Quantity], [ChefConfirm], [ChefDone], [IsNew], [IsEdit], [StaffOrder], [StaffConfirm], [StaffDone], [ConfirmTime], [DoneTime], [Paid], [Notes]) VALUES (145, CAST(0xA4FE0476 AS SmallDateTime), 6, 23, 1, 1, 1, 0, 0, N'linh', N'linh', N'linh', CAST(0xA4FE0476 AS SmallDateTime), CAST(0xA4FE0476 AS SmallDateTime), 1, N'')
INSERT [dbo].[Ordering] ([ID], [TimeIn], [TableID], [ProductID], [Quantity], [ChefConfirm], [ChefDone], [IsNew], [IsEdit], [StaffOrder], [StaffConfirm], [StaffDone], [ConfirmTime], [DoneTime], [Paid], [Notes]) VALUES (146, CAST(0xA4FE0476 AS SmallDateTime), 6, 7, 1, 1, 1, 0, 0, N'linh', N'linh', N'linh', CAST(0xA4FE0476 AS SmallDateTime), CAST(0xA4FE0476 AS SmallDateTime), 1, N'')
INSERT [dbo].[Ordering] ([ID], [TimeIn], [TableID], [ProductID], [Quantity], [ChefConfirm], [ChefDone], [IsNew], [IsEdit], [StaffOrder], [StaffConfirm], [StaffDone], [ConfirmTime], [DoneTime], [Paid], [Notes]) VALUES (147, CAST(0xA4FE0476 AS SmallDateTime), 6, 6, 1, 1, 1, 0, 0, N'linh', N'linh', N'linh', CAST(0xA4FE0476 AS SmallDateTime), CAST(0xA4FE0476 AS SmallDateTime), 1, N'')
INSERT [dbo].[Ordering] ([ID], [TimeIn], [TableID], [ProductID], [Quantity], [ChefConfirm], [ChefDone], [IsNew], [IsEdit], [StaffOrder], [StaffConfirm], [StaffDone], [ConfirmTime], [DoneTime], [Paid], [Notes]) VALUES (148, CAST(0xA4FE0476 AS SmallDateTime), 6, 23, 1, 1, 1, 0, 0, N'linh', N'linh', N'linh', CAST(0xA4FE0476 AS SmallDateTime), CAST(0xA4FE0476 AS SmallDateTime), 1, N'')
INSERT [dbo].[Ordering] ([ID], [TimeIn], [TableID], [ProductID], [Quantity], [ChefConfirm], [ChefDone], [IsNew], [IsEdit], [StaffOrder], [StaffConfirm], [StaffDone], [ConfirmTime], [DoneTime], [Paid], [Notes]) VALUES (149, CAST(0xA4FE0476 AS SmallDateTime), 6, 7, 1, 1, 1, 0, 0, N'linh', N'linh', N'linh', CAST(0xA4FE0476 AS SmallDateTime), CAST(0xA4FE0476 AS SmallDateTime), 1, N'')
INSERT [dbo].[Ordering] ([ID], [TimeIn], [TableID], [ProductID], [Quantity], [ChefConfirm], [ChefDone], [IsNew], [IsEdit], [StaffOrder], [StaffConfirm], [StaffDone], [ConfirmTime], [DoneTime], [Paid], [Notes]) VALUES (150, CAST(0xA4FE0476 AS SmallDateTime), 6, 6, 1, 1, 1, 0, 0, N'linh', N'linh', N'linh', CAST(0xA4FE0476 AS SmallDateTime), CAST(0xA4FE0476 AS SmallDateTime), 1, N'')
INSERT [dbo].[Ordering] ([ID], [TimeIn], [TableID], [ProductID], [Quantity], [ChefConfirm], [ChefDone], [IsNew], [IsEdit], [StaffOrder], [StaffConfirm], [StaffDone], [ConfirmTime], [DoneTime], [Paid], [Notes]) VALUES (151, CAST(0xA4FE04C6 AS SmallDateTime), 7, 35, 1, 1, 1, 0, 0, N'linh', N'linh', N'linh', CAST(0xA4FE04C6 AS SmallDateTime), CAST(0xA4FE04C6 AS SmallDateTime), 1, N'')
INSERT [dbo].[Ordering] ([ID], [TimeIn], [TableID], [ProductID], [Quantity], [ChefConfirm], [ChefDone], [IsNew], [IsEdit], [StaffOrder], [StaffConfirm], [StaffDone], [ConfirmTime], [DoneTime], [Paid], [Notes]) VALUES (152, CAST(0xA4FE04C6 AS SmallDateTime), 7, 5, 1, 1, 1, 0, 0, N'linh', N'linh', N'linh', CAST(0xA4FE04C6 AS SmallDateTime), CAST(0xA4FE04C6 AS SmallDateTime), 1, N'')
INSERT [dbo].[Ordering] ([ID], [TimeIn], [TableID], [ProductID], [Quantity], [ChefConfirm], [ChefDone], [IsNew], [IsEdit], [StaffOrder], [StaffConfirm], [StaffDone], [ConfirmTime], [DoneTime], [Paid], [Notes]) VALUES (153, CAST(0xA4FE04E3 AS SmallDateTime), 1, 46, 1, 1, 1, 0, 0, N'linh', N'linh', N'linh', CAST(0xA4FE04E3 AS SmallDateTime), CAST(0xA4FE04E3 AS SmallDateTime), 1, N'')
INSERT [dbo].[Ordering] ([ID], [TimeIn], [TableID], [ProductID], [Quantity], [ChefConfirm], [ChefDone], [IsNew], [IsEdit], [StaffOrder], [StaffConfirm], [StaffDone], [ConfirmTime], [DoneTime], [Paid], [Notes]) VALUES (154, CAST(0xA4FE04E3 AS SmallDateTime), 1, 3, 1, 1, 1, 0, 0, N'linh', N'linh', N'linh', CAST(0xA4FE04E3 AS SmallDateTime), CAST(0xA4FE04E3 AS SmallDateTime), 1, N'')
INSERT [dbo].[Ordering] ([ID], [TimeIn], [TableID], [ProductID], [Quantity], [ChefConfirm], [ChefDone], [IsNew], [IsEdit], [StaffOrder], [StaffConfirm], [StaffDone], [ConfirmTime], [DoneTime], [Paid], [Notes]) VALUES (155, CAST(0xA4FF027D AS SmallDateTime), 3, 32, 1, 1, 1, 0, 0, N'linh', N'linh', N'linh', CAST(0xA4FF027D AS SmallDateTime), CAST(0xA4FF027D AS SmallDateTime), 1, N'')
INSERT [dbo].[Ordering] ([ID], [TimeIn], [TableID], [ProductID], [Quantity], [ChefConfirm], [ChefDone], [IsNew], [IsEdit], [StaffOrder], [StaffConfirm], [StaffDone], [ConfirmTime], [DoneTime], [Paid], [Notes]) VALUES (156, CAST(0xA4FF027D AS SmallDateTime), 3, 6, 1, 1, 1, 0, 0, N'linh', N'linh', N'linh', CAST(0xA4FF027D AS SmallDateTime), CAST(0xA4FF027D AS SmallDateTime), 1, N'')
INSERT [dbo].[Ordering] ([ID], [TimeIn], [TableID], [ProductID], [Quantity], [ChefConfirm], [ChefDone], [IsNew], [IsEdit], [StaffOrder], [StaffConfirm], [StaffDone], [ConfirmTime], [DoneTime], [Paid], [Notes]) VALUES (157, CAST(0xA4FF039E AS SmallDateTime), 2, 45, 37, 1, 1, 0, 0, N'linh', N'linh', N'linh', CAST(0xA4FF039E AS SmallDateTime), CAST(0xA4FF039E AS SmallDateTime), 1, N'')
INSERT [dbo].[Ordering] ([ID], [TimeIn], [TableID], [ProductID], [Quantity], [ChefConfirm], [ChefDone], [IsNew], [IsEdit], [StaffOrder], [StaffConfirm], [StaffDone], [ConfirmTime], [DoneTime], [Paid], [Notes]) VALUES (158, CAST(0xA4FF03A1 AS SmallDateTime), 1, 45, 37, 1, 1, 0, 0, N'linh', N'linh', N'linh', CAST(0xA4FF03A1 AS SmallDateTime), CAST(0xA4FF03A1 AS SmallDateTime), 1, N'')
INSERT [dbo].[Ordering] ([ID], [TimeIn], [TableID], [ProductID], [Quantity], [ChefConfirm], [ChefDone], [IsNew], [IsEdit], [StaffOrder], [StaffConfirm], [StaffDone], [ConfirmTime], [DoneTime], [Paid], [Notes]) VALUES (159, CAST(0xA4FF03A1 AS SmallDateTime), 1, 35, 2, 1, 1, 0, 0, N'linh', N'linh', N'linh', CAST(0xA4FF03A1 AS SmallDateTime), CAST(0xA4FF03A1 AS SmallDateTime), 1, N'')
INSERT [dbo].[Ordering] ([ID], [TimeIn], [TableID], [ProductID], [Quantity], [ChefConfirm], [ChefDone], [IsNew], [IsEdit], [StaffOrder], [StaffConfirm], [StaffDone], [ConfirmTime], [DoneTime], [Paid], [Notes]) VALUES (160, CAST(0xA5000446 AS SmallDateTime), 2, 45, 26, 1, 1, 0, 0, N'linh', N'linh', N'linh', CAST(0xA5000446 AS SmallDateTime), CAST(0xA5000446 AS SmallDateTime), 1, N'')
INSERT [dbo].[Ordering] ([ID], [TimeIn], [TableID], [ProductID], [Quantity], [ChefConfirm], [ChefDone], [IsNew], [IsEdit], [StaffOrder], [StaffConfirm], [StaffDone], [ConfirmTime], [DoneTime], [Paid], [Notes]) VALUES (161, CAST(0xA5000446 AS SmallDateTime), 2, 6, 7, 1, 1, 0, 0, N'linh', N'linh', N'linh', CAST(0xA5000446 AS SmallDateTime), CAST(0xA5000446 AS SmallDateTime), 1, N'')
INSERT [dbo].[Ordering] ([ID], [TimeIn], [TableID], [ProductID], [Quantity], [ChefConfirm], [ChefDone], [IsNew], [IsEdit], [StaffOrder], [StaffConfirm], [StaffDone], [ConfirmTime], [DoneTime], [Paid], [Notes]) VALUES (162, CAST(0xA500044A AS SmallDateTime), 2, 45, 33, 1, 1, 0, 0, N'linh', N'linh', N'linh', CAST(0xA500044A AS SmallDateTime), CAST(0xA500044A AS SmallDateTime), 1, N'')
INSERT [dbo].[Ordering] ([ID], [TimeIn], [TableID], [ProductID], [Quantity], [ChefConfirm], [ChefDone], [IsNew], [IsEdit], [StaffOrder], [StaffConfirm], [StaffDone], [ConfirmTime], [DoneTime], [Paid], [Notes]) VALUES (163, CAST(0xA5010463 AS SmallDateTime), 6, 45, 30, 1, 1, 0, 0, N'linh', N'linh', N'linh', CAST(0xA5010463 AS SmallDateTime), CAST(0xA5010463 AS SmallDateTime), 1, N'')
INSERT [dbo].[Ordering] ([ID], [TimeIn], [TableID], [ProductID], [Quantity], [ChefConfirm], [ChefDone], [IsNew], [IsEdit], [StaffOrder], [StaffConfirm], [StaffDone], [ConfirmTime], [DoneTime], [Paid], [Notes]) VALUES (164, CAST(0xA5010463 AS SmallDateTime), 6, 9, 1, 1, 1, 0, 0, N'linh', N'linh', N'linh', CAST(0xA5010463 AS SmallDateTime), CAST(0xA5010463 AS SmallDateTime), 1, N'')
INSERT [dbo].[Ordering] ([ID], [TimeIn], [TableID], [ProductID], [Quantity], [ChefConfirm], [ChefDone], [IsNew], [IsEdit], [StaffOrder], [StaffConfirm], [StaffDone], [ConfirmTime], [DoneTime], [Paid], [Notes]) VALUES (165, CAST(0xA50202AD AS SmallDateTime), 1, 1, 2, 1, 1, 0, 0, N'linh', N'linh', N'linh', CAST(0xA50202AD AS SmallDateTime), CAST(0xA50202AD AS SmallDateTime), 1, N'')
INSERT [dbo].[Ordering] ([ID], [TimeIn], [TableID], [ProductID], [Quantity], [ChefConfirm], [ChefDone], [IsNew], [IsEdit], [StaffOrder], [StaffConfirm], [StaffDone], [ConfirmTime], [DoneTime], [Paid], [Notes]) VALUES (166, CAST(0xA50202AE AS SmallDateTime), 1, 5, 1, 1, 1, 0, 0, N'linh', N'linh', N'linh', CAST(0xA50202AE AS SmallDateTime), CAST(0xA50202AE AS SmallDateTime), 1, N'')
INSERT [dbo].[Ordering] ([ID], [TimeIn], [TableID], [ProductID], [Quantity], [ChefConfirm], [ChefDone], [IsNew], [IsEdit], [StaffOrder], [StaffConfirm], [StaffDone], [ConfirmTime], [DoneTime], [Paid], [Notes]) VALUES (167, CAST(0xA50202AF AS SmallDateTime), 1, 23, 1, 1, 1, 0, 0, N'linh', N'linh', N'linh', CAST(0xA50202AF AS SmallDateTime), CAST(0xA50202AF AS SmallDateTime), 1, N'')
INSERT [dbo].[Ordering] ([ID], [TimeIn], [TableID], [ProductID], [Quantity], [ChefConfirm], [ChefDone], [IsNew], [IsEdit], [StaffOrder], [StaffConfirm], [StaffDone], [ConfirmTime], [DoneTime], [Paid], [Notes]) VALUES (168, CAST(0xA50202AF AS SmallDateTime), 1, 30, 1, 1, 1, 0, 0, N'linh', N'linh', N'linh', CAST(0xA50202AF AS SmallDateTime), CAST(0xA50202AF AS SmallDateTime), 1, N'')
INSERT [dbo].[Ordering] ([ID], [TimeIn], [TableID], [ProductID], [Quantity], [ChefConfirm], [ChefDone], [IsNew], [IsEdit], [StaffOrder], [StaffConfirm], [StaffDone], [ConfirmTime], [DoneTime], [Paid], [Notes]) VALUES (169, CAST(0xA50202B0 AS SmallDateTime), 1, 4, 1, 1, 1, 0, 0, N'linh', N'linh', N'linh', CAST(0xA50202B0 AS SmallDateTime), CAST(0xA50202B0 AS SmallDateTime), 1, N'')
INSERT [dbo].[Ordering] ([ID], [TimeIn], [TableID], [ProductID], [Quantity], [ChefConfirm], [ChefDone], [IsNew], [IsEdit], [StaffOrder], [StaffConfirm], [StaffDone], [ConfirmTime], [DoneTime], [Paid], [Notes]) VALUES (170, CAST(0xA502038F AS SmallDateTime), 1, 45, 33, 1, 1, 0, 0, N'linh', N'linh', N'linh', CAST(0xA502038F AS SmallDateTime), CAST(0xA502038F AS SmallDateTime), 1, N'')
INSERT [dbo].[Ordering] ([ID], [TimeIn], [TableID], [ProductID], [Quantity], [ChefConfirm], [ChefDone], [IsNew], [IsEdit], [StaffOrder], [StaffConfirm], [StaffDone], [ConfirmTime], [DoneTime], [Paid], [Notes]) VALUES (171, CAST(0xA502038F AS SmallDateTime), 1, 39, 9, 1, 1, 0, 0, N'linh', N'linh', N'linh', CAST(0xA502038F AS SmallDateTime), CAST(0xA502038F AS SmallDateTime), 1, N'')
INSERT [dbo].[Ordering] ([ID], [TimeIn], [TableID], [ProductID], [Quantity], [ChefConfirm], [ChefDone], [IsNew], [IsEdit], [StaffOrder], [StaffConfirm], [StaffDone], [ConfirmTime], [DoneTime], [Paid], [Notes]) VALUES (172, CAST(0xA502038F AS SmallDateTime), 1, 15, 8, 1, 1, 0, 0, N'linh', N'linh', N'linh', CAST(0xA502038F AS SmallDateTime), CAST(0xA502038F AS SmallDateTime), 1, N'')
INSERT [dbo].[Ordering] ([ID], [TimeIn], [TableID], [ProductID], [Quantity], [ChefConfirm], [ChefDone], [IsNew], [IsEdit], [StaffOrder], [StaffConfirm], [StaffDone], [ConfirmTime], [DoneTime], [Paid], [Notes]) VALUES (173, CAST(0xA503025E AS SmallDateTime), 3, 23, 1, 1, 1, 0, 0, N'linh', N'linh', N'linh', CAST(0xA503025E AS SmallDateTime), CAST(0xA503025E AS SmallDateTime), 1, N'')
INSERT [dbo].[Ordering] ([ID], [TimeIn], [TableID], [ProductID], [Quantity], [ChefConfirm], [ChefDone], [IsNew], [IsEdit], [StaffOrder], [StaffConfirm], [StaffDone], [ConfirmTime], [DoneTime], [Paid], [Notes]) VALUES (174, CAST(0xA503025E AS SmallDateTime), 3, 25, 1, 1, 1, 0, 0, N'linh', N'linh', N'linh', CAST(0xA503025E AS SmallDateTime), CAST(0xA503025E AS SmallDateTime), 1, N'')
INSERT [dbo].[Ordering] ([ID], [TimeIn], [TableID], [ProductID], [Quantity], [ChefConfirm], [ChefDone], [IsNew], [IsEdit], [StaffOrder], [StaffConfirm], [StaffDone], [ConfirmTime], [DoneTime], [Paid], [Notes]) VALUES (175, CAST(0xA5030260 AS SmallDateTime), 2, 3, 1, 1, 1, 0, 0, N'linh', N'linh', N'linh', CAST(0xA5030260 AS SmallDateTime), CAST(0xA5030260 AS SmallDateTime), 1, N'')
INSERT [dbo].[Ordering] ([ID], [TimeIn], [TableID], [ProductID], [Quantity], [ChefConfirm], [ChefDone], [IsNew], [IsEdit], [StaffOrder], [StaffConfirm], [StaffDone], [ConfirmTime], [DoneTime], [Paid], [Notes]) VALUES (176, CAST(0xA5030261 AS SmallDateTime), 6, 7, 2, 1, 1, 0, 0, N'linh', N'linh', N'linh', CAST(0xA5030261 AS SmallDateTime), CAST(0xA5030261 AS SmallDateTime), 1, N'')
INSERT [dbo].[Ordering] ([ID], [TimeIn], [TableID], [ProductID], [Quantity], [ChefConfirm], [ChefDone], [IsNew], [IsEdit], [StaffOrder], [StaffConfirm], [StaffDone], [ConfirmTime], [DoneTime], [Paid], [Notes]) VALUES (177, CAST(0xA5030321 AS SmallDateTime), 1, 15, 1, 1, 1, 0, 0, N'linh', N'linh', N'linh', CAST(0xA5030321 AS SmallDateTime), CAST(0xA5030321 AS SmallDateTime), 1, N'')
INSERT [dbo].[Ordering] ([ID], [TimeIn], [TableID], [ProductID], [Quantity], [ChefConfirm], [ChefDone], [IsNew], [IsEdit], [StaffOrder], [StaffConfirm], [StaffDone], [ConfirmTime], [DoneTime], [Paid], [Notes]) VALUES (178, CAST(0xA5030323 AS SmallDateTime), 2, 23, 1, 1, 1, 0, 0, N'linh', N'linh', N'linh', CAST(0xA5030323 AS SmallDateTime), CAST(0xA5030323 AS SmallDateTime), 1, N'')
INSERT [dbo].[Ordering] ([ID], [TimeIn], [TableID], [ProductID], [Quantity], [ChefConfirm], [ChefDone], [IsNew], [IsEdit], [StaffOrder], [StaffConfirm], [StaffDone], [ConfirmTime], [DoneTime], [Paid], [Notes]) VALUES (179, CAST(0xA5030323 AS SmallDateTime), 2, 5, 1, 1, 1, 0, 0, N'linh', N'linh', N'linh', CAST(0xA5030323 AS SmallDateTime), CAST(0xA5030323 AS SmallDateTime), 1, N'')
INSERT [dbo].[Ordering] ([ID], [TimeIn], [TableID], [ProductID], [Quantity], [ChefConfirm], [ChefDone], [IsNew], [IsEdit], [StaffOrder], [StaffConfirm], [StaffDone], [ConfirmTime], [DoneTime], [Paid], [Notes]) VALUES (180, CAST(0xA50303D2 AS SmallDateTime), 7, 50, 3, 1, 1, 0, 0, N'linh', N'linh', N'linh', CAST(0xA50303D2 AS SmallDateTime), CAST(0xA50303D2 AS SmallDateTime), 1, N'')
INSERT [dbo].[Ordering] ([ID], [TimeIn], [TableID], [ProductID], [Quantity], [ChefConfirm], [ChefDone], [IsNew], [IsEdit], [StaffOrder], [StaffConfirm], [StaffDone], [ConfirmTime], [DoneTime], [Paid], [Notes]) VALUES (181, CAST(0xA50303D2 AS SmallDateTime), 7, 51, 1, 1, 1, 0, 0, N'linh', N'linh', N'linh', CAST(0xA50303D2 AS SmallDateTime), CAST(0xA50303D2 AS SmallDateTime), 1, N'')
INSERT [dbo].[Ordering] ([ID], [TimeIn], [TableID], [ProductID], [Quantity], [ChefConfirm], [ChefDone], [IsNew], [IsEdit], [StaffOrder], [StaffConfirm], [StaffDone], [ConfirmTime], [DoneTime], [Paid], [Notes]) VALUES (182, CAST(0xA50303D2 AS SmallDateTime), 7, 5, 2, 1, 1, 0, 0, N'linh', N'linh', N'linh', CAST(0xA50303D2 AS SmallDateTime), CAST(0xA50303D2 AS SmallDateTime), 1, N'')
INSERT [dbo].[Ordering] ([ID], [TimeIn], [TableID], [ProductID], [Quantity], [ChefConfirm], [ChefDone], [IsNew], [IsEdit], [StaffOrder], [StaffConfirm], [StaffDone], [ConfirmTime], [DoneTime], [Paid], [Notes]) VALUES (183, CAST(0xA50303D2 AS SmallDateTime), 7, 3, 2, 1, 1, 0, 0, N'linh', N'linh', N'linh', CAST(0xA50303D2 AS SmallDateTime), CAST(0xA50303D2 AS SmallDateTime), 1, N'')
INSERT [dbo].[Ordering] ([ID], [TimeIn], [TableID], [ProductID], [Quantity], [ChefConfirm], [ChefDone], [IsNew], [IsEdit], [StaffOrder], [StaffConfirm], [StaffDone], [ConfirmTime], [DoneTime], [Paid], [Notes]) VALUES (184, CAST(0xA50303D2 AS SmallDateTime), 7, 46, 1, 1, 1, 0, 0, N'linh', N'linh', N'linh', CAST(0xA50303D2 AS SmallDateTime), CAST(0xA50303D2 AS SmallDateTime), 1, N'')
INSERT [dbo].[Ordering] ([ID], [TimeIn], [TableID], [ProductID], [Quantity], [ChefConfirm], [ChefDone], [IsNew], [IsEdit], [StaffOrder], [StaffConfirm], [StaffDone], [ConfirmTime], [DoneTime], [Paid], [Notes]) VALUES (185, CAST(0xA50303D2 AS SmallDateTime), 7, 30, 1, 1, 1, 0, 0, N'linh', N'linh', N'linh', CAST(0xA50303D2 AS SmallDateTime), CAST(0xA50303D2 AS SmallDateTime), 1, N'')
INSERT [dbo].[Ordering] ([ID], [TimeIn], [TableID], [ProductID], [Quantity], [ChefConfirm], [ChefDone], [IsNew], [IsEdit], [StaffOrder], [StaffConfirm], [StaffDone], [ConfirmTime], [DoneTime], [Paid], [Notes]) VALUES (186, CAST(0xA50303E3 AS SmallDateTime), 2, 3, 1, 1, 1, 0, 0, N'linh', N'linh', N'linh', CAST(0xA50303E3 AS SmallDateTime), CAST(0xA50303E3 AS SmallDateTime), 1, N'')
INSERT [dbo].[Ordering] ([ID], [TimeIn], [TableID], [ProductID], [Quantity], [ChefConfirm], [ChefDone], [IsNew], [IsEdit], [StaffOrder], [StaffConfirm], [StaffDone], [ConfirmTime], [DoneTime], [Paid], [Notes]) VALUES (187, CAST(0xA5030496 AS SmallDateTime), 7, 52, 3, 1, 1, 0, 0, N'linh', N'linh', N'linh', CAST(0xA5030496 AS SmallDateTime), CAST(0xA5030496 AS SmallDateTime), 1, N'')
INSERT [dbo].[Ordering] ([ID], [TimeIn], [TableID], [ProductID], [Quantity], [ChefConfirm], [ChefDone], [IsNew], [IsEdit], [StaffOrder], [StaffConfirm], [StaffDone], [ConfirmTime], [DoneTime], [Paid], [Notes]) VALUES (188, CAST(0xA50402E6 AS SmallDateTime), 1, 9, 4, 1, 1, 0, 0, N'huy', N'huy', N'huy', CAST(0xA50402E6 AS SmallDateTime), CAST(0xA50402E6 AS SmallDateTime), 1, N'')
INSERT [dbo].[Ordering] ([ID], [TimeIn], [TableID], [ProductID], [Quantity], [ChefConfirm], [ChefDone], [IsNew], [IsEdit], [StaffOrder], [StaffConfirm], [StaffDone], [ConfirmTime], [DoneTime], [Paid], [Notes]) VALUES (189, CAST(0xA50402E7 AS SmallDateTime), 1, 22, 1, 1, 1, 0, 0, N'huy', N'huy', N'huy', CAST(0xA50402E7 AS SmallDateTime), CAST(0xA50402E7 AS SmallDateTime), 1, N'')
INSERT [dbo].[Ordering] ([ID], [TimeIn], [TableID], [ProductID], [Quantity], [ChefConfirm], [ChefDone], [IsNew], [IsEdit], [StaffOrder], [StaffConfirm], [StaffDone], [ConfirmTime], [DoneTime], [Paid], [Notes]) VALUES (190, CAST(0xA5040377 AS SmallDateTime), 1, 22, 2, 1, 1, 0, 0, N'linh', N'linh', N'linh', CAST(0xA5040377 AS SmallDateTime), CAST(0xA5040377 AS SmallDateTime), 1, N'')
INSERT [dbo].[Ordering] ([ID], [TimeIn], [TableID], [ProductID], [Quantity], [ChefConfirm], [ChefDone], [IsNew], [IsEdit], [StaffOrder], [StaffConfirm], [StaffDone], [ConfirmTime], [DoneTime], [Paid], [Notes]) VALUES (191, CAST(0xA5040377 AS SmallDateTime), 1, 3, 2, 1, 1, 0, 0, N'linh', N'linh', N'linh', CAST(0xA5040377 AS SmallDateTime), CAST(0xA5040377 AS SmallDateTime), 1, N'')
INSERT [dbo].[Ordering] ([ID], [TimeIn], [TableID], [ProductID], [Quantity], [ChefConfirm], [ChefDone], [IsNew], [IsEdit], [StaffOrder], [StaffConfirm], [StaffDone], [ConfirmTime], [DoneTime], [Paid], [Notes]) VALUES (192, CAST(0xA504041D AS SmallDateTime), 1, 25, 1, 1, 1, 0, 0, N'linh', N'linh', N'linh', CAST(0xA504041D AS SmallDateTime), CAST(0xA504041D AS SmallDateTime), 1, N'')
INSERT [dbo].[Ordering] ([ID], [TimeIn], [TableID], [ProductID], [Quantity], [ChefConfirm], [ChefDone], [IsNew], [IsEdit], [StaffOrder], [StaffConfirm], [StaffDone], [ConfirmTime], [DoneTime], [Paid], [Notes]) VALUES (193, CAST(0xA5040427 AS SmallDateTime), 1, 56, 1, 1, 1, 0, 0, N'linh', N'linh', N'linh', CAST(0xA5040427 AS SmallDateTime), CAST(0xA5040427 AS SmallDateTime), 1, N'')
INSERT [dbo].[Ordering] ([ID], [TimeIn], [TableID], [ProductID], [Quantity], [ChefConfirm], [ChefDone], [IsNew], [IsEdit], [StaffOrder], [StaffConfirm], [StaffDone], [ConfirmTime], [DoneTime], [Paid], [Notes]) VALUES (197, CAST(0xA504050F AS SmallDateTime), 3, 64, 1, 1, 1, 0, 0, N'linh', N'linh', N'linh', CAST(0xA504050F AS SmallDateTime), CAST(0xA504050F AS SmallDateTime), 1, N'')
INSERT [dbo].[Ordering] ([ID], [TimeIn], [TableID], [ProductID], [Quantity], [ChefConfirm], [ChefDone], [IsNew], [IsEdit], [StaffOrder], [StaffConfirm], [StaffDone], [ConfirmTime], [DoneTime], [Paid], [Notes]) VALUES (198, CAST(0xA504050F AS SmallDateTime), 3, 40, 1, 1, 1, 0, 0, N'linh', N'linh', N'linh', CAST(0xA504050F AS SmallDateTime), CAST(0xA504050F AS SmallDateTime), 1, N'')
INSERT [dbo].[Ordering] ([ID], [TimeIn], [TableID], [ProductID], [Quantity], [ChefConfirm], [ChefDone], [IsNew], [IsEdit], [StaffOrder], [StaffConfirm], [StaffDone], [ConfirmTime], [DoneTime], [Paid], [Notes]) VALUES (203, CAST(0xA50504A4 AS SmallDateTime), 1, 57, 6, 1, 1, 1, 0, N'linh', N'linh', N'linh', CAST(0xA50504A4 AS SmallDateTime), CAST(0xA50504A4 AS SmallDateTime), 0, N'')
INSERT [dbo].[Ordering] ([ID], [TimeIn], [TableID], [ProductID], [Quantity], [ChefConfirm], [ChefDone], [IsNew], [IsEdit], [StaffOrder], [StaffConfirm], [StaffDone], [ConfirmTime], [DoneTime], [Paid], [Notes]) VALUES (204, CAST(0xA4E702C5 AS SmallDateTime), 2, 68, 130, 1, 1, 1, 0, N'linh', N'linh', N'linh', CAST(0xA4E702C5 AS SmallDateTime), CAST(0xA4E702C5 AS SmallDateTime), 0, N'')
SET IDENTITY_INSERT [dbo].[Ordering] OFF
/****** Object:  Table [dbo].[Invoices]    Script Date: 09/09/2015 20:49:30 ******/
SET ANSI_NULLS ON
GO
SET QUOTED_IDENTIFIER ON
GO
CREATE TABLE [dbo].[Invoices](
	[ID] [int] IDENTITY(1,1) NOT NULL,
	[TableID] [int] NULL,
	[DateCreate] [smalldatetime] NOT NULL,
	[Customer] [nvarchar](256) NULL,
	[Cashier] [nvarchar](128) NOT NULL,
	[Total] [money] NOT NULL,
	[Discount] [float] NULL,
	[Enable] [bit] NOT NULL,
 CONSTRAINT [Invoices_pk] PRIMARY KEY CLUSTERED 
(
	[ID] ASC
)WITH (PAD_INDEX  = OFF, STATISTICS_NORECOMPUTE  = OFF, IGNORE_DUP_KEY = OFF, ALLOW_ROW_LOCKS  = ON, ALLOW_PAGE_LOCKS  = ON) ON [PRIMARY]
) ON [PRIMARY]
GO
SET IDENTITY_INSERT [dbo].[Invoices] ON
INSERT [dbo].[Invoices] ([ID], [TableID], [DateCreate], [Customer], [Cashier], [Total], [Discount], [Enable]) VALUES (1, 1, CAST(0xA4DB052D AS SmallDateTime), N'01', N'order1', 70000.0000, 0, 1)
INSERT [dbo].[Invoices] ([ID], [TableID], [DateCreate], [Customer], [Cashier], [Total], [Discount], [Enable]) VALUES (2, 1, CAST(0xA4DB0534 AS SmallDateTime), NULL, N'admin', 35000.0000, 0, 1)
INSERT [dbo].[Invoices] ([ID], [TableID], [DateCreate], [Customer], [Cashier], [Total], [Discount], [Enable]) VALUES (3, 1, CAST(0xA4F50328 AS SmallDateTime), N'01', N'admin', 20000.0000, 0, 1)
INSERT [dbo].[Invoices] ([ID], [TableID], [DateCreate], [Customer], [Cashier], [Total], [Discount], [Enable]) VALUES (4, 1, CAST(0xA4F5032E AS SmallDateTime), N'01', N'admin', 20000.0000, 0, 1)
INSERT [dbo].[Invoices] ([ID], [TableID], [DateCreate], [Customer], [Cashier], [Total], [Discount], [Enable]) VALUES (5, 1, CAST(0xA4F5032F AS SmallDateTime), N'01', N'admin', 30000.0000, 0, 1)
INSERT [dbo].[Invoices] ([ID], [TableID], [DateCreate], [Customer], [Cashier], [Total], [Discount], [Enable]) VALUES (6, 2, CAST(0xA4F50330 AS SmallDateTime), N'02', N'admin', 20000.0000, 0, 1)
INSERT [dbo].[Invoices] ([ID], [TableID], [DateCreate], [Customer], [Cashier], [Total], [Discount], [Enable]) VALUES (7, 2, CAST(0xA4F50333 AS SmallDateTime), NULL, N'admin', 20000.0000, 0, 1)
INSERT [dbo].[Invoices] ([ID], [TableID], [DateCreate], [Customer], [Cashier], [Total], [Discount], [Enable]) VALUES (8, 1, CAST(0xA4F50336 AS SmallDateTime), NULL, N'thu ngân 1', 20000.0000, 0, 1)
INSERT [dbo].[Invoices] ([ID], [TableID], [DateCreate], [Customer], [Cashier], [Total], [Discount], [Enable]) VALUES (9, 1, CAST(0xA4F5033D AS SmallDateTime), NULL, N'nguyet', 30000.0000, 0, 1)
INSERT [dbo].[Invoices] ([ID], [TableID], [DateCreate], [Customer], [Cashier], [Total], [Discount], [Enable]) VALUES (10, 1, CAST(0xA4F50341 AS SmallDateTime), NULL, N'admin', 32000.0000, 0, 1)
INSERT [dbo].[Invoices] ([ID], [TableID], [DateCreate], [Customer], [Cashier], [Total], [Discount], [Enable]) VALUES (11, 1, CAST(0xA4F50367 AS SmallDateTime), NULL, N'linh', 20000.0000, 0, 1)
INSERT [dbo].[Invoices] ([ID], [TableID], [DateCreate], [Customer], [Cashier], [Total], [Discount], [Enable]) VALUES (12, 1, CAST(0xA4F50368 AS SmallDateTime), N'01', N'linh', 20000.0000, 0, 1)
INSERT [dbo].[Invoices] ([ID], [TableID], [DateCreate], [Customer], [Cashier], [Total], [Discount], [Enable]) VALUES (13, 1, CAST(0xA4F50369 AS SmallDateTime), NULL, N'linh', 40000.0000, 0, 1)
INSERT [dbo].[Invoices] ([ID], [TableID], [DateCreate], [Customer], [Cashier], [Total], [Discount], [Enable]) VALUES (14, 1, CAST(0xA4F50370 AS SmallDateTime), N'01', N'linh', 52000.0000, 0, 1)
INSERT [dbo].[Invoices] ([ID], [TableID], [DateCreate], [Customer], [Cashier], [Total], [Discount], [Enable]) VALUES (15, 2, CAST(0xA4F50370 AS SmallDateTime), N'02', N'linh', 47000.0000, 0, 1)
INSERT [dbo].[Invoices] ([ID], [TableID], [DateCreate], [Customer], [Cashier], [Total], [Discount], [Enable]) VALUES (16, 1, CAST(0xA4F50371 AS SmallDateTime), N'01', N'linh', 55000.0000, 0, 1)
INSERT [dbo].[Invoices] ([ID], [TableID], [DateCreate], [Customer], [Cashier], [Total], [Discount], [Enable]) VALUES (17, 2, CAST(0xA4F50373 AS SmallDateTime), N'02', N'linh', 320000.0000, 0, 1)
INSERT [dbo].[Invoices] ([ID], [TableID], [DateCreate], [Customer], [Cashier], [Total], [Discount], [Enable]) VALUES (18, 11, CAST(0xA4F50381 AS SmallDateTime), N'Bàn 06', N'linh', 49000.0000, 0, 1)
INSERT [dbo].[Invoices] ([ID], [TableID], [DateCreate], [Customer], [Cashier], [Total], [Discount], [Enable]) VALUES (19, 1, CAST(0xA4F50384 AS SmallDateTime), NULL, N'linh', 74000.0000, 0, 1)
INSERT [dbo].[Invoices] ([ID], [TableID], [DateCreate], [Customer], [Cashier], [Total], [Discount], [Enable]) VALUES (20, 1, CAST(0xA4F602B0 AS SmallDateTime), N'01', N'linh', 40000.0000, 0, 1)
INSERT [dbo].[Invoices] ([ID], [TableID], [DateCreate], [Customer], [Cashier], [Total], [Discount], [Enable]) VALUES (21, 6, CAST(0xA4F602BC AS SmallDateTime), N'06', N'linh', 48000.0000, 0, 1)
INSERT [dbo].[Invoices] ([ID], [TableID], [DateCreate], [Customer], [Cashier], [Total], [Discount], [Enable]) VALUES (22, 7, CAST(0xA4F602BE AS SmallDateTime), N'07', N'linh', 50000.0000, 0, 1)
INSERT [dbo].[Invoices] ([ID], [TableID], [DateCreate], [Customer], [Cashier], [Total], [Discount], [Enable]) VALUES (23, 6, CAST(0xA4F602C2 AS SmallDateTime), NULL, N'linh', 98000.0000, 0, 1)
INSERT [dbo].[Invoices] ([ID], [TableID], [DateCreate], [Customer], [Cashier], [Total], [Discount], [Enable]) VALUES (24, 1, CAST(0xA4F602D1 AS SmallDateTime), NULL, N'linh', 35000.0000, 0, 1)
INSERT [dbo].[Invoices] ([ID], [TableID], [DateCreate], [Customer], [Cashier], [Total], [Discount], [Enable]) VALUES (25, 1, CAST(0xA4F602D7 AS SmallDateTime), N'01', N'linh', 32000.0000, 0, 1)
INSERT [dbo].[Invoices] ([ID], [TableID], [DateCreate], [Customer], [Cashier], [Total], [Discount], [Enable]) VALUES (26, 1, CAST(0xA4F602D9 AS SmallDateTime), NULL, N'linh', 60000.0000, 0, 1)
INSERT [dbo].[Invoices] ([ID], [TableID], [DateCreate], [Customer], [Cashier], [Total], [Discount], [Enable]) VALUES (27, 1, CAST(0xA4F6035D AS SmallDateTime), NULL, N'linh', 40000.0000, 0, 1)
INSERT [dbo].[Invoices] ([ID], [TableID], [DateCreate], [Customer], [Cashier], [Total], [Discount], [Enable]) VALUES (28, 6, CAST(0xA4F6045C AS SmallDateTime), NULL, N'linh', 53000.0000, 0, 1)
INSERT [dbo].[Invoices] ([ID], [TableID], [DateCreate], [Customer], [Cashier], [Total], [Discount], [Enable]) VALUES (29, 6, CAST(0xA4F6045D AS SmallDateTime), N'06', N'linh', 25000.0000, 0, 1)
INSERT [dbo].[Invoices] ([ID], [TableID], [DateCreate], [Customer], [Cashier], [Total], [Discount], [Enable]) VALUES (30, 6, CAST(0xA4F6045D AS SmallDateTime), N'06', N'linh', 25000.0000, 0, 1)
INSERT [dbo].[Invoices] ([ID], [TableID], [DateCreate], [Customer], [Cashier], [Total], [Discount], [Enable]) VALUES (31, 6, CAST(0xA4F6045E AS SmallDateTime), NULL, N'linh', 78000.0000, 0, 1)
INSERT [dbo].[Invoices] ([ID], [TableID], [DateCreate], [Customer], [Cashier], [Total], [Discount], [Enable]) VALUES (32, 1, CAST(0xA4F70397 AS SmallDateTime), N'01', N'linh', 1216000.0000, 0, 1)
INSERT [dbo].[Invoices] ([ID], [TableID], [DateCreate], [Customer], [Cashier], [Total], [Discount], [Enable]) VALUES (33, 1, CAST(0xA4F70398 AS SmallDateTime), N'01', N'linh', 128000.0000, 0, 1)
INSERT [dbo].[Invoices] ([ID], [TableID], [DateCreate], [Customer], [Cashier], [Total], [Discount], [Enable]) VALUES (34, 1, CAST(0xA4F70398 AS SmallDateTime), N'01', N'linh', 25000.0000, 0, 1)
INSERT [dbo].[Invoices] ([ID], [TableID], [DateCreate], [Customer], [Cashier], [Total], [Discount], [Enable]) VALUES (35, 1, CAST(0xA4F70398 AS SmallDateTime), N'01', N'linh', 15000.0000, 0, 1)
INSERT [dbo].[Invoices] ([ID], [TableID], [DateCreate], [Customer], [Cashier], [Total], [Discount], [Enable]) VALUES (36, 1, CAST(0xA4F70398 AS SmallDateTime), N'01', N'linh', 25000.0000, 0, 1)
INSERT [dbo].[Invoices] ([ID], [TableID], [DateCreate], [Customer], [Cashier], [Total], [Discount], [Enable]) VALUES (37, 2, CAST(0xA4F70398 AS SmallDateTime), N'02', N'linh', 20000.0000, 0, 1)
INSERT [dbo].[Invoices] ([ID], [TableID], [DateCreate], [Customer], [Cashier], [Total], [Discount], [Enable]) VALUES (38, 3, CAST(0xA4F7039D AS SmallDateTime), NULL, N'linh', 1422000.0000, 0, 1)
INSERT [dbo].[Invoices] ([ID], [TableID], [DateCreate], [Customer], [Cashier], [Total], [Discount], [Enable]) VALUES (39, 1, CAST(0xA4F7039E AS SmallDateTime), NULL, N'linh', 55000.0000, 0, 1)
INSERT [dbo].[Invoices] ([ID], [TableID], [DateCreate], [Customer], [Cashier], [Total], [Discount], [Enable]) VALUES (40, 1, CAST(0xA4F70412 AS SmallDateTime), N'01', N'linh', 40000.0000, 0, 1)
INSERT [dbo].[Invoices] ([ID], [TableID], [DateCreate], [Customer], [Cashier], [Total], [Discount], [Enable]) VALUES (41, 1, CAST(0xA4F70413 AS SmallDateTime), NULL, N'linh', 40000.0000, 0, 1)
INSERT [dbo].[Invoices] ([ID], [TableID], [DateCreate], [Customer], [Cashier], [Total], [Discount], [Enable]) VALUES (42, 2, CAST(0xA4F803DE AS SmallDateTime), NULL, N'linh', 960000.0000, 0, 1)
INSERT [dbo].[Invoices] ([ID], [TableID], [DateCreate], [Customer], [Cashier], [Total], [Discount], [Enable]) VALUES (43, 2, CAST(0xA4F803E0 AS SmallDateTime), NULL, N'linh', 960000.0000, 0, 1)
INSERT [dbo].[Invoices] ([ID], [TableID], [DateCreate], [Customer], [Cashier], [Total], [Discount], [Enable]) VALUES (44, 2, CAST(0xA4F803E1 AS SmallDateTime), NULL, N'linh', 60000.0000, 0, 1)
INSERT [dbo].[Invoices] ([ID], [TableID], [DateCreate], [Customer], [Cashier], [Total], [Discount], [Enable]) VALUES (45, 6, CAST(0xA4F803E3 AS SmallDateTime), NULL, N'linh', 60000.0000, 0, 1)
INSERT [dbo].[Invoices] ([ID], [TableID], [DateCreate], [Customer], [Cashier], [Total], [Discount], [Enable]) VALUES (46, 1, CAST(0xA4F803E3 AS SmallDateTime), N'01', N'linh', 47000.0000, 0, 1)
INSERT [dbo].[Invoices] ([ID], [TableID], [DateCreate], [Customer], [Cashier], [Total], [Discount], [Enable]) VALUES (47, 1, CAST(0xA4F90294 AS SmallDateTime), NULL, N'linh', 60000.0000, 0, 1)
INSERT [dbo].[Invoices] ([ID], [TableID], [DateCreate], [Customer], [Cashier], [Total], [Discount], [Enable]) VALUES (48, 1, CAST(0xA4F9037B AS SmallDateTime), NULL, N'linh', 60000.0000, 0, 1)
INSERT [dbo].[Invoices] ([ID], [TableID], [DateCreate], [Customer], [Cashier], [Total], [Discount], [Enable]) VALUES (49, 1, CAST(0xA4F9037C AS SmallDateTime), N'01', N'linh', 820000.0000, 0, 1)
INSERT [dbo].[Invoices] ([ID], [TableID], [DateCreate], [Customer], [Cashier], [Total], [Discount], [Enable]) VALUES (50, 1, CAST(0xA4F9037D AS SmallDateTime), NULL, N'linh', 820000.0000, 0, 1)
INSERT [dbo].[Invoices] ([ID], [TableID], [DateCreate], [Customer], [Cashier], [Total], [Discount], [Enable]) VALUES (51, 1, CAST(0xA4FA0328 AS SmallDateTime), NULL, N'linh', 761000.0000, 0, 1)
INSERT [dbo].[Invoices] ([ID], [TableID], [DateCreate], [Customer], [Cashier], [Total], [Discount], [Enable]) VALUES (52, 1, CAST(0xA4FA0329 AS SmallDateTime), NULL, N'linh', 40000.0000, 0, 1)
INSERT [dbo].[Invoices] ([ID], [TableID], [DateCreate], [Customer], [Cashier], [Total], [Discount], [Enable]) VALUES (53, 1, CAST(0xA4FA0531 AS SmallDateTime), NULL, N'linh', 112000.0000, 0, 1)
INSERT [dbo].[Invoices] ([ID], [TableID], [DateCreate], [Customer], [Cashier], [Total], [Discount], [Enable]) VALUES (54, 6, CAST(0xA4FB04EB AS SmallDateTime), N'06', N'linh', 73000.0000, 0, 1)
INSERT [dbo].[Invoices] ([ID], [TableID], [DateCreate], [Customer], [Cashier], [Total], [Discount], [Enable]) VALUES (55, 2, CAST(0xA4FC01C2 AS SmallDateTime), N'02', N'linh', 80000.0000, 0, 1)
INSERT [dbo].[Invoices] ([ID], [TableID], [DateCreate], [Customer], [Cashier], [Total], [Discount], [Enable]) VALUES (56, 4, CAST(0xA4FC01C5 AS SmallDateTime), NULL, N'linh', 28000.0000, 0, 1)
INSERT [dbo].[Invoices] ([ID], [TableID], [DateCreate], [Customer], [Cashier], [Total], [Discount], [Enable]) VALUES (57, 4, CAST(0xA4FC01CF AS SmallDateTime), N'04', N'linh', 20000.0000, 0, 1)
INSERT [dbo].[Invoices] ([ID], [TableID], [DateCreate], [Customer], [Cashier], [Total], [Discount], [Enable]) VALUES (58, 1, CAST(0xA4FC03DD AS SmallDateTime), N'01', N'linh', 45000.0000, 0, 1)
INSERT [dbo].[Invoices] ([ID], [TableID], [DateCreate], [Customer], [Cashier], [Total], [Discount], [Enable]) VALUES (59, 2, CAST(0xA4FC03DD AS SmallDateTime), N'02', N'linh', 47000.0000, 0, 1)
INSERT [dbo].[Invoices] ([ID], [TableID], [DateCreate], [Customer], [Cashier], [Total], [Discount], [Enable]) VALUES (60, 3, CAST(0xA4FC0401 AS SmallDateTime), N'03', N'linh', 28000.0000, 0, 1)
INSERT [dbo].[Invoices] ([ID], [TableID], [DateCreate], [Customer], [Cashier], [Total], [Discount], [Enable]) VALUES (61, 1, CAST(0xA4FC040D AS SmallDateTime), NULL, N'linh', 78000.0000, 0, 1)
INSERT [dbo].[Invoices] ([ID], [TableID], [DateCreate], [Customer], [Cashier], [Total], [Discount], [Enable]) VALUES (62, 3, CAST(0xA4FC0414 AS SmallDateTime), NULL, N'linh', 78000.0000, 0, 1)
INSERT [dbo].[Invoices] ([ID], [TableID], [DateCreate], [Customer], [Cashier], [Total], [Discount], [Enable]) VALUES (63, 2, CAST(0xA4FC0416 AS SmallDateTime), NULL, N'linh', 64000.0000, 0, 1)
INSERT [dbo].[Invoices] ([ID], [TableID], [DateCreate], [Customer], [Cashier], [Total], [Discount], [Enable]) VALUES (64, 2, CAST(0xA4FC0435 AS SmallDateTime), N'02', N'linh', 20000.0000, 0, 1)
INSERT [dbo].[Invoices] ([ID], [TableID], [DateCreate], [Customer], [Cashier], [Total], [Discount], [Enable]) VALUES (65, 8, CAST(0xA4FD031F AS SmallDateTime), N'08', N'linh', 25000.0000, 0, 1)
INSERT [dbo].[Invoices] ([ID], [TableID], [DateCreate], [Customer], [Cashier], [Total], [Discount], [Enable]) VALUES (66, 10, CAST(0xA4FD0323 AS SmallDateTime), NULL, N'huy', 125000.0000, 0, 1)
INSERT [dbo].[Invoices] ([ID], [TableID], [DateCreate], [Customer], [Cashier], [Total], [Discount], [Enable]) VALUES (67, 10, CAST(0xA4FD0324 AS SmallDateTime), N'10', N'huy', 30000.0000, 0, 1)
INSERT [dbo].[Invoices] ([ID], [TableID], [DateCreate], [Customer], [Cashier], [Total], [Discount], [Enable]) VALUES (68, 7, CAST(0xA4FD03CF AS SmallDateTime), N'07', N'huy', 58000.0000, 0, 1)
INSERT [dbo].[Invoices] ([ID], [TableID], [DateCreate], [Customer], [Cashier], [Total], [Discount], [Enable]) VALUES (69, 1, CAST(0xA4FD03D0 AS SmallDateTime), N'01', N'huy', 28000.0000, 0, 1)
INSERT [dbo].[Invoices] ([ID], [TableID], [DateCreate], [Customer], [Cashier], [Total], [Discount], [Enable]) VALUES (70, 8, CAST(0xA4FD03D0 AS SmallDateTime), N'08', N'huy', 60000.0000, 0, 1)
INSERT [dbo].[Invoices] ([ID], [TableID], [DateCreate], [Customer], [Cashier], [Total], [Discount], [Enable]) VALUES (71, 6, CAST(0xA4FD0402 AS SmallDateTime), NULL, N'linh', 126000.0000, 0, 1)
INSERT [dbo].[Invoices] ([ID], [TableID], [DateCreate], [Customer], [Cashier], [Total], [Discount], [Enable]) VALUES (72, 6, CAST(0xA4FD040A AS SmallDateTime), N'06', N'linh', 70000.0000, 0, 1)
INSERT [dbo].[Invoices] ([ID], [TableID], [DateCreate], [Customer], [Cashier], [Total], [Discount], [Enable]) VALUES (73, 6, CAST(0xA4FD04A0 AS SmallDateTime), N'06', N'linh', 126000.0000, 0, 1)
INSERT [dbo].[Invoices] ([ID], [TableID], [DateCreate], [Customer], [Cashier], [Total], [Discount], [Enable]) VALUES (74, 6, CAST(0xA4FD04A0 AS SmallDateTime), N'06', N'linh', 126000.0000, 0, 1)
INSERT [dbo].[Invoices] ([ID], [TableID], [DateCreate], [Customer], [Cashier], [Total], [Discount], [Enable]) VALUES (75, 7, CAST(0xA4FD04A0 AS SmallDateTime), N'07', N'linh', 141000.0000, 0, 1)
INSERT [dbo].[Invoices] ([ID], [TableID], [DateCreate], [Customer], [Cashier], [Total], [Discount], [Enable]) VALUES (76, 1, CAST(0xA4FD04A2 AS SmallDateTime), N'01', N'huy', 30000.0000, 0, 1)
INSERT [dbo].[Invoices] ([ID], [TableID], [DateCreate], [Customer], [Cashier], [Total], [Discount], [Enable]) VALUES (77, 7, CAST(0xA4FD04A4 AS SmallDateTime), N'07', N'huy', 50000.0000, 0, 1)
INSERT [dbo].[Invoices] ([ID], [TableID], [DateCreate], [Customer], [Cashier], [Total], [Discount], [Enable]) VALUES (78, 1, CAST(0xA4FD04A6 AS SmallDateTime), NULL, N'huy', 30000.0000, 0, 1)
INSERT [dbo].[Invoices] ([ID], [TableID], [DateCreate], [Customer], [Cashier], [Total], [Discount], [Enable]) VALUES (79, 1, CAST(0xA4FE0385 AS SmallDateTime), NULL, N'linh', 1056000.0000, 0, 1)
INSERT [dbo].[Invoices] ([ID], [TableID], [DateCreate], [Customer], [Cashier], [Total], [Discount], [Enable]) VALUES (80, 6, CAST(0xA4FE0473 AS SmallDateTime), N'06', N'linh', 40000.0000, 0, 1)
INSERT [dbo].[Invoices] ([ID], [TableID], [DateCreate], [Customer], [Cashier], [Total], [Discount], [Enable]) VALUES (81, 6, CAST(0xA4FE0477 AS SmallDateTime), N'06', N'linh', 60000.0000, 0, 1)
INSERT [dbo].[Invoices] ([ID], [TableID], [DateCreate], [Customer], [Cashier], [Total], [Discount], [Enable]) VALUES (82, 6, CAST(0xA4FE047D AS SmallDateTime), N'06', N'linh', 60000.0000, 0, 1)
INSERT [dbo].[Invoices] ([ID], [TableID], [DateCreate], [Customer], [Cashier], [Total], [Discount], [Enable]) VALUES (83, 1, CAST(0xA4FE04E4 AS SmallDateTime), NULL, N'linh', 30000.0000, 0, 1)
INSERT [dbo].[Invoices] ([ID], [TableID], [DateCreate], [Customer], [Cashier], [Total], [Discount], [Enable]) VALUES (84, 7, CAST(0xA4FE04E5 AS SmallDateTime), N'07', N'linh', 50000.0000, 0, 1)
INSERT [dbo].[Invoices] ([ID], [TableID], [DateCreate], [Customer], [Cashier], [Total], [Discount], [Enable]) VALUES (85, 2, CAST(0xA4FF039F AS SmallDateTime), NULL, N'linh', 1184000.0000, 0, 1)
INSERT [dbo].[Invoices] ([ID], [TableID], [DateCreate], [Customer], [Cashier], [Total], [Discount], [Enable]) VALUES (86, 3, CAST(0xA4FF03A0 AS SmallDateTime), N'03', N'linh', 50000.0000, 0, 1)
INSERT [dbo].[Invoices] ([ID], [TableID], [DateCreate], [Customer], [Cashier], [Total], [Discount], [Enable]) VALUES (87, 1, CAST(0xA4FF03A1 AS SmallDateTime), N'01', N'linh', 20000.0000, 0, 1)
INSERT [dbo].[Invoices] ([ID], [TableID], [DateCreate], [Customer], [Cashier], [Total], [Discount], [Enable]) VALUES (88, 1, CAST(0xA4FF03A1 AS SmallDateTime), NULL, N'linh', 1184000.0000, 0, 1)
INSERT [dbo].[Invoices] ([ID], [TableID], [DateCreate], [Customer], [Cashier], [Total], [Discount], [Enable]) VALUES (89, 1, CAST(0xA4FF03A1 AS SmallDateTime), NULL, N'linh', 60000.0000, 0, 1)
INSERT [dbo].[Invoices] ([ID], [TableID], [DateCreate], [Customer], [Cashier], [Total], [Discount], [Enable]) VALUES (90, 2, CAST(0xA500044A AS SmallDateTime), N'02', N'linh', 972000.0000, 0, 1)
INSERT [dbo].[Invoices] ([ID], [TableID], [DateCreate], [Customer], [Cashier], [Total], [Discount], [Enable]) VALUES (91, 2, CAST(0xA500044B AS SmallDateTime), N'02', N'linh', 1056000.0000, 0, 1)
INSERT [dbo].[Invoices] ([ID], [TableID], [DateCreate], [Customer], [Cashier], [Total], [Discount], [Enable]) VALUES (92, 6, CAST(0xA5010463 AS SmallDateTime), NULL, N'linh', 960000.0000, 0, 1)
INSERT [dbo].[Invoices] ([ID], [TableID], [DateCreate], [Customer], [Cashier], [Total], [Discount], [Enable]) VALUES (93, 6, CAST(0xA5010463 AS SmallDateTime), NULL, N'linh', 30000.0000, 0, 1)
INSERT [dbo].[Invoices] ([ID], [TableID], [DateCreate], [Customer], [Cashier], [Total], [Discount], [Enable]) VALUES (94, 1, CAST(0xA50202AE AS SmallDateTime), NULL, N'linh', 30000.0000, 0, 1)
INSERT [dbo].[Invoices] ([ID], [TableID], [DateCreate], [Customer], [Cashier], [Total], [Discount], [Enable]) VALUES (95, 1, CAST(0xA50202AE AS SmallDateTime), N'01', N'linh', 20000.0000, 0, 1)
INSERT [dbo].[Invoices] ([ID], [TableID], [DateCreate], [Customer], [Cashier], [Total], [Discount], [Enable]) VALUES (96, 1, CAST(0xA50202AF AS SmallDateTime), NULL, N'linh', 40000.0000, 0, 1)
INSERT [dbo].[Invoices] ([ID], [TableID], [DateCreate], [Customer], [Cashier], [Total], [Discount], [Enable]) VALUES (97, 1, CAST(0xA50202B0 AS SmallDateTime), NULL, N'linh', 20000.0000, 0, 1)
INSERT [dbo].[Invoices] ([ID], [TableID], [DateCreate], [Customer], [Cashier], [Total], [Discount], [Enable]) VALUES (98, 1, CAST(0xA502038F AS SmallDateTime), NULL, N'linh', 1544000.0000, 0, 1)
INSERT [dbo].[Invoices] ([ID], [TableID], [DateCreate], [Customer], [Cashier], [Total], [Discount], [Enable]) VALUES (99, 3, CAST(0xA5030260 AS SmallDateTime), N'03', N'linh', 40000.0000, 0, 1)
INSERT [dbo].[Invoices] ([ID], [TableID], [DateCreate], [Customer], [Cashier], [Total], [Discount], [Enable]) VALUES (100, 2, CAST(0xA503031D AS SmallDateTime), N'02', N'linh', 20000.0000, 0, 1)
GO
print 'Processed 100 total records'
INSERT [dbo].[Invoices] ([ID], [TableID], [DateCreate], [Customer], [Cashier], [Total], [Discount], [Enable]) VALUES (101, 2, CAST(0xA5030323 AS SmallDateTime), NULL, N'linh', 40000.0000, 0, 1)
INSERT [dbo].[Invoices] ([ID], [TableID], [DateCreate], [Customer], [Cashier], [Total], [Discount], [Enable]) VALUES (102, 7, CAST(0xA50303D3 AS SmallDateTime), NULL, N'linh', 210000.0000, 0, 1)
INSERT [dbo].[Invoices] ([ID], [TableID], [DateCreate], [Customer], [Cashier], [Total], [Discount], [Enable]) VALUES (103, 2, CAST(0xA50303E4 AS SmallDateTime), NULL, N'linh', 20000.0000, 0, 1)
INSERT [dbo].[Invoices] ([ID], [TableID], [DateCreate], [Customer], [Cashier], [Total], [Discount], [Enable]) VALUES (104, 7, CAST(0xA5030497 AS SmallDateTime), NULL, N'linh', 60000.0000, 0, 1)
INSERT [dbo].[Invoices] ([ID], [TableID], [DateCreate], [Customer], [Cashier], [Total], [Discount], [Enable]) VALUES (105, 1, CAST(0xA50402DD AS SmallDateTime), N'01', N'linh', 25000.0000, 0, 1)
INSERT [dbo].[Invoices] ([ID], [TableID], [DateCreate], [Customer], [Cashier], [Total], [Discount], [Enable]) VALUES (106, 6, CAST(0xA50402DE AS SmallDateTime), N'06', N'linh', 40000.0000, 0, 1)
INSERT [dbo].[Invoices] ([ID], [TableID], [DateCreate], [Customer], [Cashier], [Total], [Discount], [Enable]) VALUES (107, 1, CAST(0xA50402E7 AS SmallDateTime), NULL, N'huy', 120000.0000, 0, 1)
INSERT [dbo].[Invoices] ([ID], [TableID], [DateCreate], [Customer], [Cashier], [Total], [Discount], [Enable]) VALUES (108, 1, CAST(0xA50402E8 AS SmallDateTime), N'01', N'huy', 28000.0000, 0, 1)
INSERT [dbo].[Invoices] ([ID], [TableID], [DateCreate], [Customer], [Cashier], [Total], [Discount], [Enable]) VALUES (109, 1, CAST(0xA504037B AS SmallDateTime), NULL, N'linh', 96000.0000, 0, 1)
INSERT [dbo].[Invoices] ([ID], [TableID], [DateCreate], [Customer], [Cashier], [Total], [Discount], [Enable]) VALUES (110, 1, CAST(0xA5040424 AS SmallDateTime), N'01', N'linh', 20000.0000, 0, 1)
INSERT [dbo].[Invoices] ([ID], [TableID], [DateCreate], [Customer], [Cashier], [Total], [Discount], [Enable]) VALUES (111, 1, CAST(0xA5040428 AS SmallDateTime), N'01', N'linh', 25000.0000, 0, 1)
INSERT [dbo].[Invoices] ([ID], [TableID], [DateCreate], [Customer], [Cashier], [Total], [Discount], [Enable]) VALUES (112, 2, CAST(0xA504042C AS SmallDateTime), N'02', N'linh', 40000.0000, 0, 1)
SET IDENTITY_INSERT [dbo].[Invoices] OFF
/****** Object:  Table [dbo].[InvoiceDetails]    Script Date: 09/09/2015 20:49:30 ******/
SET ANSI_NULLS ON
GO
SET QUOTED_IDENTIFIER ON
GO
CREATE TABLE [dbo].[InvoiceDetails](
	[ID] [int] IDENTITY(1,1) NOT NULL,
	[Invoice] [int] NOT NULL,
	[ProductID] [int] NOT NULL,
	[Quantity] [int] NOT NULL,
	[Price] [money] NOT NULL,
	[Cost] [money] NOT NULL,
	[KitchenConfirm] [bit] NULL,
	[KitchenDone] [nchar](10) NULL,
	[UserOrder] [nvarchar](128) NOT NULL,
	[UserKitchenConfirm] [nvarchar](128) NULL,
	[UserKitchenDone] [nvarchar](128) NULL,
	[TimeConfirm] [smalldatetime] NULL,
	[TimeDone] [smalldatetime] NOT NULL,
 CONSTRAINT [InvoiceDetails_pk] PRIMARY KEY CLUSTERED 
(
	[ID] ASC
)WITH (PAD_INDEX  = OFF, STATISTICS_NORECOMPUTE  = OFF, IGNORE_DUP_KEY = OFF, ALLOW_ROW_LOCKS  = ON, ALLOW_PAGE_LOCKS  = ON) ON [PRIMARY]
) ON [PRIMARY]
GO
SET IDENTITY_INSERT [dbo].[InvoiceDetails] ON
INSERT [dbo].[InvoiceDetails] ([ID], [Invoice], [ProductID], [Quantity], [Price], [Cost], [KitchenConfirm], [KitchenDone], [UserOrder], [UserKitchenConfirm], [UserKitchenDone], [TimeConfirm], [TimeDone]) VALUES (1, 1, 1, 1, 10000.0000, 10000.0000, NULL, NULL, N'admin', N'admin', N'admin', CAST(0xA4DB0524 AS SmallDateTime), CAST(0xA4DB0524 AS SmallDateTime))
INSERT [dbo].[InvoiceDetails] ([ID], [Invoice], [ProductID], [Quantity], [Price], [Cost], [KitchenConfirm], [KitchenDone], [UserOrder], [UserKitchenConfirm], [UserKitchenDone], [TimeConfirm], [TimeDone]) VALUES (2, 1, 6, 4, 15000.0000, 60000.0000, NULL, NULL, N'admin', N'admin', N'admin', CAST(0xA4DB0524 AS SmallDateTime), CAST(0xA4DB0524 AS SmallDateTime))
INSERT [dbo].[InvoiceDetails] ([ID], [Invoice], [ProductID], [Quantity], [Price], [Cost], [KitchenConfirm], [KitchenDone], [UserOrder], [UserKitchenConfirm], [UserKitchenDone], [TimeConfirm], [TimeDone]) VALUES (3, 2, 8, 3, 8000.0000, 24000.0000, NULL, NULL, N'admin', N'admin', N'admin', CAST(0xA4DB0534 AS SmallDateTime), CAST(0xA4DB0534 AS SmallDateTime))
INSERT [dbo].[InvoiceDetails] ([ID], [Invoice], [ProductID], [Quantity], [Price], [Cost], [KitchenConfirm], [KitchenDone], [UserOrder], [UserKitchenConfirm], [UserKitchenDone], [TimeConfirm], [TimeDone]) VALUES (4, 2, 5, 1, 11000.0000, 11000.0000, NULL, NULL, N'admin', N'admin', N'admin', CAST(0xA4DB0534 AS SmallDateTime), CAST(0xA4DB0534 AS SmallDateTime))
INSERT [dbo].[InvoiceDetails] ([ID], [Invoice], [ProductID], [Quantity], [Price], [Cost], [KitchenConfirm], [KitchenDone], [UserOrder], [UserKitchenConfirm], [UserKitchenDone], [TimeConfirm], [TimeDone]) VALUES (5, 3, 4, 1, 20000.0000, 20000.0000, NULL, NULL, N'admin', N'admin', N'admin', CAST(0xA4DB054A AS SmallDateTime), CAST(0xA4DB054A AS SmallDateTime))
INSERT [dbo].[InvoiceDetails] ([ID], [Invoice], [ProductID], [Quantity], [Price], [Cost], [KitchenConfirm], [KitchenDone], [UserOrder], [UserKitchenConfirm], [UserKitchenDone], [TimeConfirm], [TimeDone]) VALUES (6, 4, 23, 1, 20000.0000, 20000.0000, NULL, NULL, N'admin', N'admin', N'admin', CAST(0xA4F5032B AS SmallDateTime), CAST(0xA4F5032B AS SmallDateTime))
INSERT [dbo].[InvoiceDetails] ([ID], [Invoice], [ProductID], [Quantity], [Price], [Cost], [KitchenConfirm], [KitchenDone], [UserOrder], [UserKitchenConfirm], [UserKitchenDone], [TimeConfirm], [TimeDone]) VALUES (7, 5, 11, 1, 30000.0000, 30000.0000, NULL, NULL, N'admin', N'admin', N'admin', CAST(0xA4F5032B AS SmallDateTime), CAST(0xA4F5032B AS SmallDateTime))
INSERT [dbo].[InvoiceDetails] ([ID], [Invoice], [ProductID], [Quantity], [Price], [Cost], [KitchenConfirm], [KitchenDone], [UserOrder], [UserKitchenConfirm], [UserKitchenDone], [TimeConfirm], [TimeDone]) VALUES (8, 6, 3, 1, 20000.0000, 20000.0000, NULL, NULL, N'admin', N'admin', N'admin', CAST(0xA4F50330 AS SmallDateTime), CAST(0xA4F50330 AS SmallDateTime))
INSERT [dbo].[InvoiceDetails] ([ID], [Invoice], [ProductID], [Quantity], [Price], [Cost], [KitchenConfirm], [KitchenDone], [UserOrder], [UserKitchenConfirm], [UserKitchenDone], [TimeConfirm], [TimeDone]) VALUES (9, 7, 4, 1, 20000.0000, 20000.0000, NULL, NULL, N'admin', N'admin', N'admin', CAST(0xA4F50333 AS SmallDateTime), CAST(0xA4F50333 AS SmallDateTime))
INSERT [dbo].[InvoiceDetails] ([ID], [Invoice], [ProductID], [Quantity], [Price], [Cost], [KitchenConfirm], [KitchenDone], [UserOrder], [UserKitchenConfirm], [UserKitchenDone], [TimeConfirm], [TimeDone]) VALUES (10, 8, 3, 1, 20000.0000, 20000.0000, NULL, NULL, N'thu ngân 1', N'thu ngân 1', N'thu ngân 1', CAST(0xA4F50336 AS SmallDateTime), CAST(0xA4F50336 AS SmallDateTime))
INSERT [dbo].[InvoiceDetails] ([ID], [Invoice], [ProductID], [Quantity], [Price], [Cost], [KitchenConfirm], [KitchenDone], [UserOrder], [UserKitchenConfirm], [UserKitchenDone], [TimeConfirm], [TimeDone]) VALUES (11, 9, 11, 1, 30000.0000, 30000.0000, NULL, NULL, N'nguyet', N'nguyet', N'nguyet', CAST(0xA4F5033C AS SmallDateTime), CAST(0xA4F5033C AS SmallDateTime))
INSERT [dbo].[InvoiceDetails] ([ID], [Invoice], [ProductID], [Quantity], [Price], [Cost], [KitchenConfirm], [KitchenDone], [UserOrder], [UserKitchenConfirm], [UserKitchenDone], [TimeConfirm], [TimeDone]) VALUES (12, 10, 45, 1, 32000.0000, 32000.0000, NULL, NULL, N'admin', N'admin', N'admin', CAST(0xA4F50341 AS SmallDateTime), CAST(0xA4F50341 AS SmallDateTime))
INSERT [dbo].[InvoiceDetails] ([ID], [Invoice], [ProductID], [Quantity], [Price], [Cost], [KitchenConfirm], [KitchenDone], [UserOrder], [UserKitchenConfirm], [UserKitchenDone], [TimeConfirm], [TimeDone]) VALUES (13, 11, 30, 1, 20000.0000, 20000.0000, NULL, NULL, N'linh', N'linh', N'linh', CAST(0xA4F50367 AS SmallDateTime), CAST(0xA4F50367 AS SmallDateTime))
INSERT [dbo].[InvoiceDetails] ([ID], [Invoice], [ProductID], [Quantity], [Price], [Cost], [KitchenConfirm], [KitchenDone], [UserOrder], [UserKitchenConfirm], [UserKitchenDone], [TimeConfirm], [TimeDone]) VALUES (14, 12, 6, 1, 20000.0000, 20000.0000, NULL, NULL, N'linh', N'linh', N'linh', CAST(0xA4F50367 AS SmallDateTime), CAST(0xA4F50367 AS SmallDateTime))
INSERT [dbo].[InvoiceDetails] ([ID], [Invoice], [ProductID], [Quantity], [Price], [Cost], [KitchenConfirm], [KitchenDone], [UserOrder], [UserKitchenConfirm], [UserKitchenDone], [TimeConfirm], [TimeDone]) VALUES (15, 13, 30, 1, 20000.0000, 20000.0000, NULL, NULL, N'linh', N'linh', N'linh', CAST(0xA4F50369 AS SmallDateTime), CAST(0xA4F50369 AS SmallDateTime))
INSERT [dbo].[InvoiceDetails] ([ID], [Invoice], [ProductID], [Quantity], [Price], [Cost], [KitchenConfirm], [KitchenDone], [UserOrder], [UserKitchenConfirm], [UserKitchenDone], [TimeConfirm], [TimeDone]) VALUES (16, 13, 6, 1, 20000.0000, 20000.0000, NULL, NULL, N'linh', N'linh', N'linh', CAST(0xA4F50369 AS SmallDateTime), CAST(0xA4F50369 AS SmallDateTime))
INSERT [dbo].[InvoiceDetails] ([ID], [Invoice], [ProductID], [Quantity], [Price], [Cost], [KitchenConfirm], [KitchenDone], [UserOrder], [UserKitchenConfirm], [UserKitchenDone], [TimeConfirm], [TimeDone]) VALUES (17, 14, 39, 1, 32000.0000, 32000.0000, NULL, NULL, N'linh', N'linh', N'linh', CAST(0xA4F5036F AS SmallDateTime), CAST(0xA4F5036F AS SmallDateTime))
INSERT [dbo].[InvoiceDetails] ([ID], [Invoice], [ProductID], [Quantity], [Price], [Cost], [KitchenConfirm], [KitchenDone], [UserOrder], [UserKitchenConfirm], [UserKitchenDone], [TimeConfirm], [TimeDone]) VALUES (18, 14, 6, 1, 20000.0000, 20000.0000, NULL, NULL, N'linh', N'linh', N'linh', CAST(0xA4F5036F AS SmallDateTime), CAST(0xA4F5036F AS SmallDateTime))
INSERT [dbo].[InvoiceDetails] ([ID], [Invoice], [ProductID], [Quantity], [Price], [Cost], [KitchenConfirm], [KitchenDone], [UserOrder], [UserKitchenConfirm], [UserKitchenDone], [TimeConfirm], [TimeDone]) VALUES (19, 15, 1, 1, 15000.0000, 15000.0000, NULL, NULL, N'linh', N'linh', N'linh', CAST(0xA4F5036B AS SmallDateTime), CAST(0xA4F5036B AS SmallDateTime))
INSERT [dbo].[InvoiceDetails] ([ID], [Invoice], [ProductID], [Quantity], [Price], [Cost], [KitchenConfirm], [KitchenDone], [UserOrder], [UserKitchenConfirm], [UserKitchenDone], [TimeConfirm], [TimeDone]) VALUES (20, 15, 45, 1, 32000.0000, 32000.0000, NULL, NULL, N'linh', N'linh', N'linh', CAST(0xA4F5036B AS SmallDateTime), CAST(0xA4F5036B AS SmallDateTime))
INSERT [dbo].[InvoiceDetails] ([ID], [Invoice], [ProductID], [Quantity], [Price], [Cost], [KitchenConfirm], [KitchenDone], [UserOrder], [UserKitchenConfirm], [UserKitchenDone], [TimeConfirm], [TimeDone]) VALUES (21, 16, 27, 1, 20000.0000, 20000.0000, NULL, NULL, N'linh', N'linh', N'linh', CAST(0xA4F50371 AS SmallDateTime), CAST(0xA4F50371 AS SmallDateTime))
INSERT [dbo].[InvoiceDetails] ([ID], [Invoice], [ProductID], [Quantity], [Price], [Cost], [KitchenConfirm], [KitchenDone], [UserOrder], [UserKitchenConfirm], [UserKitchenDone], [TimeConfirm], [TimeDone]) VALUES (22, 16, 4, 1, 20000.0000, 20000.0000, NULL, NULL, N'linh', N'linh', N'linh', CAST(0xA4F50371 AS SmallDateTime), CAST(0xA4F50371 AS SmallDateTime))
INSERT [dbo].[InvoiceDetails] ([ID], [Invoice], [ProductID], [Quantity], [Price], [Cost], [KitchenConfirm], [KitchenDone], [UserOrder], [UserKitchenConfirm], [UserKitchenDone], [TimeConfirm], [TimeDone]) VALUES (23, 16, 1, 1, 15000.0000, 15000.0000, NULL, NULL, N'linh', N'linh', N'linh', CAST(0xA4F50371 AS SmallDateTime), CAST(0xA4F50371 AS SmallDateTime))
INSERT [dbo].[InvoiceDetails] ([ID], [Invoice], [ProductID], [Quantity], [Price], [Cost], [KitchenConfirm], [KitchenDone], [UserOrder], [UserKitchenConfirm], [UserKitchenDone], [TimeConfirm], [TimeDone]) VALUES (24, 17, 45, 10, 32000.0000, 320000.0000, NULL, NULL, N'linh', N'linh', N'linh', CAST(0xA4F50373 AS SmallDateTime), CAST(0xA4F50373 AS SmallDateTime))
INSERT [dbo].[InvoiceDetails] ([ID], [Invoice], [ProductID], [Quantity], [Price], [Cost], [KitchenConfirm], [KitchenDone], [UserOrder], [UserKitchenConfirm], [UserKitchenDone], [TimeConfirm], [TimeDone]) VALUES (25, 18, 43, 1, 49000.0000, 49000.0000, NULL, NULL, N'admin', N'admin', N'admin', CAST(0xA4F5037E AS SmallDateTime), CAST(0xA4F5037E AS SmallDateTime))
INSERT [dbo].[InvoiceDetails] ([ID], [Invoice], [ProductID], [Quantity], [Price], [Cost], [KitchenConfirm], [KitchenDone], [UserOrder], [UserKitchenConfirm], [UserKitchenDone], [TimeConfirm], [TimeDone]) VALUES (26, 19, 43, 1, 49000.0000, 49000.0000, NULL, NULL, N'linh', N'linh', N'linh', CAST(0xA4F50383 AS SmallDateTime), CAST(0xA4F50383 AS SmallDateTime))
INSERT [dbo].[InvoiceDetails] ([ID], [Invoice], [ProductID], [Quantity], [Price], [Cost], [KitchenConfirm], [KitchenDone], [UserOrder], [UserKitchenConfirm], [UserKitchenDone], [TimeConfirm], [TimeDone]) VALUES (27, 19, 17, 1, 25000.0000, 25000.0000, NULL, NULL, N'linh', N'linh', N'linh', CAST(0xA4F50383 AS SmallDateTime), CAST(0xA4F50383 AS SmallDateTime))
INSERT [dbo].[InvoiceDetails] ([ID], [Invoice], [ProductID], [Quantity], [Price], [Cost], [KitchenConfirm], [KitchenDone], [UserOrder], [UserKitchenConfirm], [UserKitchenDone], [TimeConfirm], [TimeDone]) VALUES (28, 20, 3, 1, 20000.0000, 20000.0000, NULL, NULL, N'linh', N'linh', N'linh', CAST(0xA4F602AD AS SmallDateTime), CAST(0xA4F602AD AS SmallDateTime))
INSERT [dbo].[InvoiceDetails] ([ID], [Invoice], [ProductID], [Quantity], [Price], [Cost], [KitchenConfirm], [KitchenDone], [UserOrder], [UserKitchenConfirm], [UserKitchenDone], [TimeConfirm], [TimeDone]) VALUES (29, 20, 4, 1, 20000.0000, 20000.0000, NULL, NULL, N'linh', N'linh', N'linh', CAST(0xA4F602AD AS SmallDateTime), CAST(0xA4F602AD AS SmallDateTime))
INSERT [dbo].[InvoiceDetails] ([ID], [Invoice], [ProductID], [Quantity], [Price], [Cost], [KitchenConfirm], [KitchenDone], [UserOrder], [UserKitchenConfirm], [UserKitchenDone], [TimeConfirm], [TimeDone]) VALUES (30, 21, 3, 1, 20000.0000, 20000.0000, NULL, NULL, N'linh', N'linh', N'linh', CAST(0xA4F602B2 AS SmallDateTime), CAST(0xA4F602B2 AS SmallDateTime))
INSERT [dbo].[InvoiceDetails] ([ID], [Invoice], [ProductID], [Quantity], [Price], [Cost], [KitchenConfirm], [KitchenDone], [UserOrder], [UserKitchenConfirm], [UserKitchenDone], [TimeConfirm], [TimeDone]) VALUES (31, 21, 22, 1, 28000.0000, 28000.0000, NULL, NULL, N'linh', N'linh', N'linh', CAST(0xA4F602B2 AS SmallDateTime), CAST(0xA4F602B2 AS SmallDateTime))
INSERT [dbo].[InvoiceDetails] ([ID], [Invoice], [ProductID], [Quantity], [Price], [Cost], [KitchenConfirm], [KitchenDone], [UserOrder], [UserKitchenConfirm], [UserKitchenDone], [TimeConfirm], [TimeDone]) VALUES (32, 21, 32, 0, 30000.0000, 0.0000, NULL, NULL, N'linh', N'linh', N'linh', CAST(0xA4F602B2 AS SmallDateTime), CAST(0xA4F602B2 AS SmallDateTime))
INSERT [dbo].[InvoiceDetails] ([ID], [Invoice], [ProductID], [Quantity], [Price], [Cost], [KitchenConfirm], [KitchenDone], [UserOrder], [UserKitchenConfirm], [UserKitchenDone], [TimeConfirm], [TimeDone]) VALUES (33, 22, 30, 1, 20000.0000, 20000.0000, NULL, NULL, N'linh', N'linh', N'linh', CAST(0xA4F602BE AS SmallDateTime), CAST(0xA4F602BE AS SmallDateTime))
INSERT [dbo].[InvoiceDetails] ([ID], [Invoice], [ProductID], [Quantity], [Price], [Cost], [KitchenConfirm], [KitchenDone], [UserOrder], [UserKitchenConfirm], [UserKitchenDone], [TimeConfirm], [TimeDone]) VALUES (34, 22, 32, 1, 30000.0000, 30000.0000, NULL, NULL, N'linh', N'linh', N'linh', CAST(0xA4F602BE AS SmallDateTime), CAST(0xA4F602BE AS SmallDateTime))
INSERT [dbo].[InvoiceDetails] ([ID], [Invoice], [ProductID], [Quantity], [Price], [Cost], [KitchenConfirm], [KitchenDone], [UserOrder], [UserKitchenConfirm], [UserKitchenDone], [TimeConfirm], [TimeDone]) VALUES (35, 23, 30, 1, 20000.0000, 20000.0000, NULL, NULL, N'linh', N'linh', N'linh', CAST(0xA4F602C0 AS SmallDateTime), CAST(0xA4F602C0 AS SmallDateTime))
INSERT [dbo].[InvoiceDetails] ([ID], [Invoice], [ProductID], [Quantity], [Price], [Cost], [KitchenConfirm], [KitchenDone], [UserOrder], [UserKitchenConfirm], [UserKitchenDone], [TimeConfirm], [TimeDone]) VALUES (36, 23, 35, 1, 30000.0000, 30000.0000, NULL, NULL, N'linh', N'linh', N'linh', CAST(0xA4F602C0 AS SmallDateTime), CAST(0xA4F602C0 AS SmallDateTime))
INSERT [dbo].[InvoiceDetails] ([ID], [Invoice], [ProductID], [Quantity], [Price], [Cost], [KitchenConfirm], [KitchenDone], [UserOrder], [UserKitchenConfirm], [UserKitchenDone], [TimeConfirm], [TimeDone]) VALUES (37, 23, 3, 1, 20000.0000, 20000.0000, NULL, NULL, N'linh', N'linh', N'linh', CAST(0xA4F602C0 AS SmallDateTime), CAST(0xA4F602C0 AS SmallDateTime))
INSERT [dbo].[InvoiceDetails] ([ID], [Invoice], [ProductID], [Quantity], [Price], [Cost], [KitchenConfirm], [KitchenDone], [UserOrder], [UserKitchenConfirm], [UserKitchenDone], [TimeConfirm], [TimeDone]) VALUES (38, 23, 22, 1, 28000.0000, 28000.0000, NULL, NULL, N'linh', N'linh', N'linh', CAST(0xA4F602C0 AS SmallDateTime), CAST(0xA4F602C0 AS SmallDateTime))
INSERT [dbo].[InvoiceDetails] ([ID], [Invoice], [ProductID], [Quantity], [Price], [Cost], [KitchenConfirm], [KitchenDone], [UserOrder], [UserKitchenConfirm], [UserKitchenDone], [TimeConfirm], [TimeDone]) VALUES (39, 24, 3, 1, 20000.0000, 20000.0000, NULL, NULL, N'linh', N'linh', N'linh', CAST(0xA4F602D0 AS SmallDateTime), CAST(0xA4F602D0 AS SmallDateTime))
INSERT [dbo].[InvoiceDetails] ([ID], [Invoice], [ProductID], [Quantity], [Price], [Cost], [KitchenConfirm], [KitchenDone], [UserOrder], [UserKitchenConfirm], [UserKitchenDone], [TimeConfirm], [TimeDone]) VALUES (40, 24, 1, 1, 15000.0000, 15000.0000, NULL, NULL, N'linh', N'linh', N'linh', CAST(0xA4F602D0 AS SmallDateTime), CAST(0xA4F602D0 AS SmallDateTime))
INSERT [dbo].[InvoiceDetails] ([ID], [Invoice], [ProductID], [Quantity], [Price], [Cost], [KitchenConfirm], [KitchenDone], [UserOrder], [UserKitchenConfirm], [UserKitchenDone], [TimeConfirm], [TimeDone]) VALUES (41, 25, 45, 1, 32000.0000, 32000.0000, NULL, NULL, N'linh', N'linh', N'linh', CAST(0xA4F602D4 AS SmallDateTime), CAST(0xA4F602D4 AS SmallDateTime))
INSERT [dbo].[InvoiceDetails] ([ID], [Invoice], [ProductID], [Quantity], [Price], [Cost], [KitchenConfirm], [KitchenDone], [UserOrder], [UserKitchenConfirm], [UserKitchenDone], [TimeConfirm], [TimeDone]) VALUES (42, 26, 3, 1, 20000.0000, 20000.0000, NULL, NULL, N'linh', N'linh', N'linh', CAST(0xA4F602D8 AS SmallDateTime), CAST(0xA4F602D8 AS SmallDateTime))
INSERT [dbo].[InvoiceDetails] ([ID], [Invoice], [ProductID], [Quantity], [Price], [Cost], [KitchenConfirm], [KitchenDone], [UserOrder], [UserKitchenConfirm], [UserKitchenDone], [TimeConfirm], [TimeDone]) VALUES (43, 26, 4, 1, 20000.0000, 20000.0000, NULL, NULL, N'linh', N'linh', N'linh', CAST(0xA4F602D8 AS SmallDateTime), CAST(0xA4F602D8 AS SmallDateTime))
INSERT [dbo].[InvoiceDetails] ([ID], [Invoice], [ProductID], [Quantity], [Price], [Cost], [KitchenConfirm], [KitchenDone], [UserOrder], [UserKitchenConfirm], [UserKitchenDone], [TimeConfirm], [TimeDone]) VALUES (44, 26, 30, 1, 20000.0000, 20000.0000, NULL, NULL, N'linh', N'linh', N'linh', CAST(0xA4F602D8 AS SmallDateTime), CAST(0xA4F602D8 AS SmallDateTime))
INSERT [dbo].[InvoiceDetails] ([ID], [Invoice], [ProductID], [Quantity], [Price], [Cost], [KitchenConfirm], [KitchenDone], [UserOrder], [UserKitchenConfirm], [UserKitchenDone], [TimeConfirm], [TimeDone]) VALUES (45, 27, 23, 2, 20000.0000, 40000.0000, NULL, NULL, N'linh', N'linh', N'linh', CAST(0xA4F6035C AS SmallDateTime), CAST(0xA4F6035C AS SmallDateTime))
INSERT [dbo].[InvoiceDetails] ([ID], [Invoice], [ProductID], [Quantity], [Price], [Cost], [KitchenConfirm], [KitchenDone], [UserOrder], [UserKitchenConfirm], [UserKitchenDone], [TimeConfirm], [TimeDone]) VALUES (46, 28, 20, 1, 25000.0000, 25000.0000, NULL, NULL, N'linh', N'linh', N'linh', CAST(0xA4F6035E AS SmallDateTime), CAST(0xA4F6035E AS SmallDateTime))
INSERT [dbo].[InvoiceDetails] ([ID], [Invoice], [ProductID], [Quantity], [Price], [Cost], [KitchenConfirm], [KitchenDone], [UserOrder], [UserKitchenConfirm], [UserKitchenDone], [TimeConfirm], [TimeDone]) VALUES (47, 28, 22, 1, 28000.0000, 28000.0000, NULL, NULL, N'linh', N'linh', N'linh', CAST(0xA4F6035E AS SmallDateTime), CAST(0xA4F6035E AS SmallDateTime))
INSERT [dbo].[InvoiceDetails] ([ID], [Invoice], [ProductID], [Quantity], [Price], [Cost], [KitchenConfirm], [KitchenDone], [UserOrder], [UserKitchenConfirm], [UserKitchenDone], [TimeConfirm], [TimeDone]) VALUES (48, 29, 15, 1, 25000.0000, 25000.0000, NULL, NULL, N'linh', N'linh', N'linh', CAST(0xA4F60458 AS SmallDateTime), CAST(0xA4F60458 AS SmallDateTime))
INSERT [dbo].[InvoiceDetails] ([ID], [Invoice], [ProductID], [Quantity], [Price], [Cost], [KitchenConfirm], [KitchenDone], [UserOrder], [UserKitchenConfirm], [UserKitchenDone], [TimeConfirm], [TimeDone]) VALUES (49, 30, 17, 1, 25000.0000, 25000.0000, NULL, NULL, N'linh', N'linh', N'linh', CAST(0xA4F6045C AS SmallDateTime), CAST(0xA4F6045C AS SmallDateTime))
INSERT [dbo].[InvoiceDetails] ([ID], [Invoice], [ProductID], [Quantity], [Price], [Cost], [KitchenConfirm], [KitchenDone], [UserOrder], [UserKitchenConfirm], [UserKitchenDone], [TimeConfirm], [TimeDone]) VALUES (50, 31, 22, 1, 28000.0000, 28000.0000, NULL, NULL, N'linh', N'linh', N'linh', CAST(0xA4F6045D AS SmallDateTime), CAST(0xA4F6045D AS SmallDateTime))
INSERT [dbo].[InvoiceDetails] ([ID], [Invoice], [ProductID], [Quantity], [Price], [Cost], [KitchenConfirm], [KitchenDone], [UserOrder], [UserKitchenConfirm], [UserKitchenDone], [TimeConfirm], [TimeDone]) VALUES (51, 31, 20, 1, 25000.0000, 25000.0000, NULL, NULL, N'linh', N'linh', N'linh', CAST(0xA4F6045D AS SmallDateTime), CAST(0xA4F6045D AS SmallDateTime))
INSERT [dbo].[InvoiceDetails] ([ID], [Invoice], [ProductID], [Quantity], [Price], [Cost], [KitchenConfirm], [KitchenDone], [UserOrder], [UserKitchenConfirm], [UserKitchenDone], [TimeConfirm], [TimeDone]) VALUES (52, 31, 17, 1, 25000.0000, 25000.0000, NULL, NULL, N'linh', N'linh', N'linh', CAST(0xA4F6045D AS SmallDateTime), CAST(0xA4F6045D AS SmallDateTime))
INSERT [dbo].[InvoiceDetails] ([ID], [Invoice], [ProductID], [Quantity], [Price], [Cost], [KitchenConfirm], [KitchenDone], [UserOrder], [UserKitchenConfirm], [UserKitchenDone], [TimeConfirm], [TimeDone]) VALUES (53, 32, 45, 38, 32000.0000, 1216000.0000, NULL, NULL, N'linh', N'linh', N'linh', CAST(0xA4F70395 AS SmallDateTime), CAST(0xA4F70395 AS SmallDateTime))
INSERT [dbo].[InvoiceDetails] ([ID], [Invoice], [ProductID], [Quantity], [Price], [Cost], [KitchenConfirm], [KitchenDone], [UserOrder], [UserKitchenConfirm], [UserKitchenDone], [TimeConfirm], [TimeDone]) VALUES (54, 33, 39, 4, 32000.0000, 128000.0000, NULL, NULL, N'linh', N'linh', N'linh', CAST(0xA4F70396 AS SmallDateTime), CAST(0xA4F70396 AS SmallDateTime))
INSERT [dbo].[InvoiceDetails] ([ID], [Invoice], [ProductID], [Quantity], [Price], [Cost], [KitchenConfirm], [KitchenDone], [UserOrder], [UserKitchenConfirm], [UserKitchenDone], [TimeConfirm], [TimeDone]) VALUES (55, 34, 15, 1, 25000.0000, 25000.0000, NULL, NULL, N'linh', N'linh', N'linh', CAST(0xA4F70396 AS SmallDateTime), CAST(0xA4F70396 AS SmallDateTime))
INSERT [dbo].[InvoiceDetails] ([ID], [Invoice], [ProductID], [Quantity], [Price], [Cost], [KitchenConfirm], [KitchenDone], [UserOrder], [UserKitchenConfirm], [UserKitchenDone], [TimeConfirm], [TimeDone]) VALUES (56, 35, 1, 1, 15000.0000, 15000.0000, NULL, NULL, N'linh', N'linh', N'linh', CAST(0xA4F70397 AS SmallDateTime), CAST(0xA4F70397 AS SmallDateTime))
INSERT [dbo].[InvoiceDetails] ([ID], [Invoice], [ProductID], [Quantity], [Price], [Cost], [KitchenConfirm], [KitchenDone], [UserOrder], [UserKitchenConfirm], [UserKitchenDone], [TimeConfirm], [TimeDone]) VALUES (57, 36, 20, 1, 25000.0000, 25000.0000, NULL, NULL, N'linh', N'linh', N'linh', CAST(0xA4F70397 AS SmallDateTime), CAST(0xA4F70397 AS SmallDateTime))
INSERT [dbo].[InvoiceDetails] ([ID], [Invoice], [ProductID], [Quantity], [Price], [Cost], [KitchenConfirm], [KitchenDone], [UserOrder], [UserKitchenConfirm], [UserKitchenDone], [TimeConfirm], [TimeDone]) VALUES (58, 37, 23, 1, 20000.0000, 20000.0000, NULL, NULL, N'linh', N'linh', N'linh', CAST(0xA4F50373 AS SmallDateTime), CAST(0xA4F50373 AS SmallDateTime))
INSERT [dbo].[InvoiceDetails] ([ID], [Invoice], [ProductID], [Quantity], [Price], [Cost], [KitchenConfirm], [KitchenDone], [UserOrder], [UserKitchenConfirm], [UserKitchenDone], [TimeConfirm], [TimeDone]) VALUES (59, 38, 45, 38, 32000.0000, 1216000.0000, NULL, NULL, N'linh', N'linh', N'linh', CAST(0xA4F70399 AS SmallDateTime), CAST(0xA4F70399 AS SmallDateTime))
INSERT [dbo].[InvoiceDetails] ([ID], [Invoice], [ProductID], [Quantity], [Price], [Cost], [KitchenConfirm], [KitchenDone], [UserOrder], [UserKitchenConfirm], [UserKitchenDone], [TimeConfirm], [TimeDone]) VALUES (60, 38, 39, 4, 32000.0000, 128000.0000, NULL, NULL, N'linh', N'linh', N'linh', CAST(0xA4F70399 AS SmallDateTime), CAST(0xA4F70399 AS SmallDateTime))
INSERT [dbo].[InvoiceDetails] ([ID], [Invoice], [ProductID], [Quantity], [Price], [Cost], [KitchenConfirm], [KitchenDone], [UserOrder], [UserKitchenConfirm], [UserKitchenDone], [TimeConfirm], [TimeDone]) VALUES (61, 38, 15, 1, 25000.0000, 25000.0000, NULL, NULL, N'linh', N'linh', N'linh', CAST(0xA4F70399 AS SmallDateTime), CAST(0xA4F70399 AS SmallDateTime))
INSERT [dbo].[InvoiceDetails] ([ID], [Invoice], [ProductID], [Quantity], [Price], [Cost], [KitchenConfirm], [KitchenDone], [UserOrder], [UserKitchenConfirm], [UserKitchenDone], [TimeConfirm], [TimeDone]) VALUES (62, 38, 22, 1, 28000.0000, 28000.0000, NULL, NULL, N'linh', N'linh', N'linh', CAST(0xA4F70399 AS SmallDateTime), CAST(0xA4F70399 AS SmallDateTime))
INSERT [dbo].[InvoiceDetails] ([ID], [Invoice], [ProductID], [Quantity], [Price], [Cost], [KitchenConfirm], [KitchenDone], [UserOrder], [UserKitchenConfirm], [UserKitchenDone], [TimeConfirm], [TimeDone]) VALUES (63, 38, 20, 1, 25000.0000, 25000.0000, NULL, NULL, N'linh', N'linh', N'linh', CAST(0xA4F70399 AS SmallDateTime), CAST(0xA4F70399 AS SmallDateTime))
INSERT [dbo].[InvoiceDetails] ([ID], [Invoice], [ProductID], [Quantity], [Price], [Cost], [KitchenConfirm], [KitchenDone], [UserOrder], [UserKitchenConfirm], [UserKitchenDone], [TimeConfirm], [TimeDone]) VALUES (64, 39, 1, 1, 15000.0000, 15000.0000, NULL, NULL, N'linh', N'linh', N'linh', CAST(0xA4F7039E AS SmallDateTime), CAST(0xA4F7039E AS SmallDateTime))
INSERT [dbo].[InvoiceDetails] ([ID], [Invoice], [ProductID], [Quantity], [Price], [Cost], [KitchenConfirm], [KitchenDone], [UserOrder], [UserKitchenConfirm], [UserKitchenDone], [TimeConfirm], [TimeDone]) VALUES (65, 39, 3, 1, 20000.0000, 20000.0000, NULL, NULL, N'linh', N'linh', N'linh', CAST(0xA4F7039E AS SmallDateTime), CAST(0xA4F7039E AS SmallDateTime))
INSERT [dbo].[InvoiceDetails] ([ID], [Invoice], [ProductID], [Quantity], [Price], [Cost], [KitchenConfirm], [KitchenDone], [UserOrder], [UserKitchenConfirm], [UserKitchenDone], [TimeConfirm], [TimeDone]) VALUES (66, 39, 23, 1, 20000.0000, 20000.0000, NULL, NULL, N'linh', N'linh', N'linh', CAST(0xA4F7039E AS SmallDateTime), CAST(0xA4F7039E AS SmallDateTime))
INSERT [dbo].[InvoiceDetails] ([ID], [Invoice], [ProductID], [Quantity], [Price], [Cost], [KitchenConfirm], [KitchenDone], [UserOrder], [UserKitchenConfirm], [UserKitchenDone], [TimeConfirm], [TimeDone]) VALUES (67, 40, 3, 1, 20000.0000, 20000.0000, NULL, NULL, N'linh', N'linh', N'linh', CAST(0xA4F70410 AS SmallDateTime), CAST(0xA4F70410 AS SmallDateTime))
INSERT [dbo].[InvoiceDetails] ([ID], [Invoice], [ProductID], [Quantity], [Price], [Cost], [KitchenConfirm], [KitchenDone], [UserOrder], [UserKitchenConfirm], [UserKitchenDone], [TimeConfirm], [TimeDone]) VALUES (68, 40, 7, 1, 20000.0000, 20000.0000, NULL, NULL, N'linh', N'linh', N'linh', CAST(0xA4F70410 AS SmallDateTime), CAST(0xA4F70410 AS SmallDateTime))
INSERT [dbo].[InvoiceDetails] ([ID], [Invoice], [ProductID], [Quantity], [Price], [Cost], [KitchenConfirm], [KitchenDone], [UserOrder], [UserKitchenConfirm], [UserKitchenDone], [TimeConfirm], [TimeDone]) VALUES (69, 41, 4, 1, 20000.0000, 20000.0000, NULL, NULL, N'linh', N'linh', N'linh', CAST(0xA4F70412 AS SmallDateTime), CAST(0xA4F70412 AS SmallDateTime))
INSERT [dbo].[InvoiceDetails] ([ID], [Invoice], [ProductID], [Quantity], [Price], [Cost], [KitchenConfirm], [KitchenDone], [UserOrder], [UserKitchenConfirm], [UserKitchenDone], [TimeConfirm], [TimeDone]) VALUES (70, 41, 3, 1, 20000.0000, 20000.0000, NULL, NULL, N'linh', N'linh', N'linh', CAST(0xA4F70412 AS SmallDateTime), CAST(0xA4F70412 AS SmallDateTime))
INSERT [dbo].[InvoiceDetails] ([ID], [Invoice], [ProductID], [Quantity], [Price], [Cost], [KitchenConfirm], [KitchenDone], [UserOrder], [UserKitchenConfirm], [UserKitchenDone], [TimeConfirm], [TimeDone]) VALUES (71, 42, 45, 30, 32000.0000, 960000.0000, NULL, NULL, N'linh', N'linh', N'linh', CAST(0xA4F803DD AS SmallDateTime), CAST(0xA4F803DD AS SmallDateTime))
INSERT [dbo].[InvoiceDetails] ([ID], [Invoice], [ProductID], [Quantity], [Price], [Cost], [KitchenConfirm], [KitchenDone], [UserOrder], [UserKitchenConfirm], [UserKitchenDone], [TimeConfirm], [TimeDone]) VALUES (72, 43, 45, 30, 32000.0000, 960000.0000, NULL, NULL, N'linh', N'linh', N'linh', CAST(0xA4F803DF AS SmallDateTime), CAST(0xA4F803DF AS SmallDateTime))
INSERT [dbo].[InvoiceDetails] ([ID], [Invoice], [ProductID], [Quantity], [Price], [Cost], [KitchenConfirm], [KitchenDone], [UserOrder], [UserKitchenConfirm], [UserKitchenDone], [TimeConfirm], [TimeDone]) VALUES (73, 44, 32, 2, 30000.0000, 60000.0000, NULL, NULL, N'linh', N'linh', N'linh', CAST(0xA4F803E0 AS SmallDateTime), CAST(0xA4F803E0 AS SmallDateTime))
INSERT [dbo].[InvoiceDetails] ([ID], [Invoice], [ProductID], [Quantity], [Price], [Cost], [KitchenConfirm], [KitchenDone], [UserOrder], [UserKitchenConfirm], [UserKitchenDone], [TimeConfirm], [TimeDone]) VALUES (74, 45, 7, 2, 20000.0000, 40000.0000, NULL, NULL, N'linh', N'linh', N'linh', CAST(0xA4F803E2 AS SmallDateTime), CAST(0xA4F803E2 AS SmallDateTime))
INSERT [dbo].[InvoiceDetails] ([ID], [Invoice], [ProductID], [Quantity], [Price], [Cost], [KitchenConfirm], [KitchenDone], [UserOrder], [UserKitchenConfirm], [UserKitchenDone], [TimeConfirm], [TimeDone]) VALUES (75, 45, 23, 1, 20000.0000, 20000.0000, NULL, NULL, N'linh', N'linh', N'linh', CAST(0xA4F803E2 AS SmallDateTime), CAST(0xA4F803E2 AS SmallDateTime))
INSERT [dbo].[InvoiceDetails] ([ID], [Invoice], [ProductID], [Quantity], [Price], [Cost], [KitchenConfirm], [KitchenDone], [UserOrder], [UserKitchenConfirm], [UserKitchenDone], [TimeConfirm], [TimeDone]) VALUES (76, 46, 45, 1, 32000.0000, 32000.0000, NULL, NULL, N'linh', N'linh', N'linh', CAST(0xA4F803DB AS SmallDateTime), CAST(0xA4F803DB AS SmallDateTime))
INSERT [dbo].[InvoiceDetails] ([ID], [Invoice], [ProductID], [Quantity], [Price], [Cost], [KitchenConfirm], [KitchenDone], [UserOrder], [UserKitchenConfirm], [UserKitchenDone], [TimeConfirm], [TimeDone]) VALUES (77, 46, 1, 1, 15000.0000, 15000.0000, NULL, NULL, N'linh', N'linh', N'linh', CAST(0xA4F803DB AS SmallDateTime), CAST(0xA4F803DB AS SmallDateTime))
INSERT [dbo].[InvoiceDetails] ([ID], [Invoice], [ProductID], [Quantity], [Price], [Cost], [KitchenConfirm], [KitchenDone], [UserOrder], [UserKitchenConfirm], [UserKitchenDone], [TimeConfirm], [TimeDone]) VALUES (78, 47, 32, 2, 30000.0000, 60000.0000, NULL, NULL, N'linh', N'linh', N'linh', CAST(0xA4F90293 AS SmallDateTime), CAST(0xA4F90293 AS SmallDateTime))
INSERT [dbo].[InvoiceDetails] ([ID], [Invoice], [ProductID], [Quantity], [Price], [Cost], [KitchenConfirm], [KitchenDone], [UserOrder], [UserKitchenConfirm], [UserKitchenDone], [TimeConfirm], [TimeDone]) VALUES (79, 48, 32, 2, 30000.0000, 60000.0000, NULL, NULL, N'linh', N'linh', N'linh', CAST(0xA4F9037A AS SmallDateTime), CAST(0xA4F9037A AS SmallDateTime))
INSERT [dbo].[InvoiceDetails] ([ID], [Invoice], [ProductID], [Quantity], [Price], [Cost], [KitchenConfirm], [KitchenDone], [UserOrder], [UserKitchenConfirm], [UserKitchenDone], [TimeConfirm], [TimeDone]) VALUES (80, 49, 45, 21, 32000.0000, 672000.0000, NULL, NULL, N'linh', N'linh', N'linh', CAST(0xA4F9037B AS SmallDateTime), CAST(0xA4F9037B AS SmallDateTime))
INSERT [dbo].[InvoiceDetails] ([ID], [Invoice], [ProductID], [Quantity], [Price], [Cost], [KitchenConfirm], [KitchenDone], [UserOrder], [UserKitchenConfirm], [UserKitchenDone], [TimeConfirm], [TimeDone]) VALUES (81, 49, 39, 4, 32000.0000, 128000.0000, NULL, NULL, N'linh', N'linh', N'linh', CAST(0xA4F9037B AS SmallDateTime), CAST(0xA4F9037B AS SmallDateTime))
INSERT [dbo].[InvoiceDetails] ([ID], [Invoice], [ProductID], [Quantity], [Price], [Cost], [KitchenConfirm], [KitchenDone], [UserOrder], [UserKitchenConfirm], [UserKitchenDone], [TimeConfirm], [TimeDone]) VALUES (82, 49, 23, 1, 20000.0000, 20000.0000, NULL, NULL, N'linh', N'linh', N'linh', CAST(0xA4F9037B AS SmallDateTime), CAST(0xA4F9037B AS SmallDateTime))
INSERT [dbo].[InvoiceDetails] ([ID], [Invoice], [ProductID], [Quantity], [Price], [Cost], [KitchenConfirm], [KitchenDone], [UserOrder], [UserKitchenConfirm], [UserKitchenDone], [TimeConfirm], [TimeDone]) VALUES (83, 50, 45, 21, 32000.0000, 672000.0000, NULL, NULL, N'linh', N'linh', N'linh', CAST(0xA4F9037D AS SmallDateTime), CAST(0xA4F9037D AS SmallDateTime))
INSERT [dbo].[InvoiceDetails] ([ID], [Invoice], [ProductID], [Quantity], [Price], [Cost], [KitchenConfirm], [KitchenDone], [UserOrder], [UserKitchenConfirm], [UserKitchenDone], [TimeConfirm], [TimeDone]) VALUES (84, 50, 39, 4, 32000.0000, 128000.0000, NULL, NULL, N'linh', N'linh', N'linh', CAST(0xA4F9037D AS SmallDateTime), CAST(0xA4F9037D AS SmallDateTime))
INSERT [dbo].[InvoiceDetails] ([ID], [Invoice], [ProductID], [Quantity], [Price], [Cost], [KitchenConfirm], [KitchenDone], [UserOrder], [UserKitchenConfirm], [UserKitchenDone], [TimeConfirm], [TimeDone]) VALUES (85, 50, 23, 1, 20000.0000, 20000.0000, NULL, NULL, N'linh', N'linh', N'linh', CAST(0xA4F9037D AS SmallDateTime), CAST(0xA4F9037D AS SmallDateTime))
INSERT [dbo].[InvoiceDetails] ([ID], [Invoice], [ProductID], [Quantity], [Price], [Cost], [KitchenConfirm], [KitchenDone], [UserOrder], [UserKitchenConfirm], [UserKitchenDone], [TimeConfirm], [TimeDone]) VALUES (86, 51, 45, 22, 32000.0000, 704000.0000, NULL, NULL, N'linh', N'linh', N'linh', CAST(0xA4FA0327 AS SmallDateTime), CAST(0xA4FA0327 AS SmallDateTime))
INSERT [dbo].[InvoiceDetails] ([ID], [Invoice], [ProductID], [Quantity], [Price], [Cost], [KitchenConfirm], [KitchenDone], [UserOrder], [UserKitchenConfirm], [UserKitchenDone], [TimeConfirm], [TimeDone]) VALUES (87, 51, 39, 1, 32000.0000, 32000.0000, NULL, NULL, N'linh', N'linh', N'linh', CAST(0xA4FA0327 AS SmallDateTime), CAST(0xA4FA0327 AS SmallDateTime))
INSERT [dbo].[InvoiceDetails] ([ID], [Invoice], [ProductID], [Quantity], [Price], [Cost], [KitchenConfirm], [KitchenDone], [UserOrder], [UserKitchenConfirm], [UserKitchenDone], [TimeConfirm], [TimeDone]) VALUES (88, 51, 15, 1, 25000.0000, 25000.0000, NULL, NULL, N'linh', N'linh', N'linh', CAST(0xA4FA0327 AS SmallDateTime), CAST(0xA4FA0327 AS SmallDateTime))
INSERT [dbo].[InvoiceDetails] ([ID], [Invoice], [ProductID], [Quantity], [Price], [Cost], [KitchenConfirm], [KitchenDone], [UserOrder], [UserKitchenConfirm], [UserKitchenDone], [TimeConfirm], [TimeDone]) VALUES (89, 52, 3, 1, 20000.0000, 20000.0000, NULL, NULL, N'linh', N'linh', N'linh', CAST(0xA4FA0329 AS SmallDateTime), CAST(0xA4FA0329 AS SmallDateTime))
INSERT [dbo].[InvoiceDetails] ([ID], [Invoice], [ProductID], [Quantity], [Price], [Cost], [KitchenConfirm], [KitchenDone], [UserOrder], [UserKitchenConfirm], [UserKitchenDone], [TimeConfirm], [TimeDone]) VALUES (90, 52, 7, 1, 20000.0000, 20000.0000, NULL, NULL, N'linh', N'linh', N'linh', CAST(0xA4FA0329 AS SmallDateTime), CAST(0xA4FA0329 AS SmallDateTime))
INSERT [dbo].[InvoiceDetails] ([ID], [Invoice], [ProductID], [Quantity], [Price], [Cost], [KitchenConfirm], [KitchenDone], [UserOrder], [UserKitchenConfirm], [UserKitchenDone], [TimeConfirm], [TimeDone]) VALUES (91, 53, 22, 4, 28000.0000, 112000.0000, NULL, NULL, N'linh', N'linh', N'linh', CAST(0xA4FA0530 AS SmallDateTime), CAST(0xA4FA0530 AS SmallDateTime))
INSERT [dbo].[InvoiceDetails] ([ID], [Invoice], [ProductID], [Quantity], [Price], [Cost], [KitchenConfirm], [KitchenDone], [UserOrder], [UserKitchenConfirm], [UserKitchenDone], [TimeConfirm], [TimeDone]) VALUES (92, 54, 40, 1, 25000.0000, 25000.0000, NULL, NULL, N'linh', N'linh', N'linh', CAST(0xA4FB0490 AS SmallDateTime), CAST(0xA4FB0490 AS SmallDateTime))
INSERT [dbo].[InvoiceDetails] ([ID], [Invoice], [ProductID], [Quantity], [Price], [Cost], [KitchenConfirm], [KitchenDone], [UserOrder], [UserKitchenConfirm], [UserKitchenDone], [TimeConfirm], [TimeDone]) VALUES (93, 54, 22, 1, 28000.0000, 28000.0000, NULL, NULL, N'linh', N'linh', N'linh', CAST(0xA4FB0490 AS SmallDateTime), CAST(0xA4FB0490 AS SmallDateTime))
INSERT [dbo].[InvoiceDetails] ([ID], [Invoice], [ProductID], [Quantity], [Price], [Cost], [KitchenConfirm], [KitchenDone], [UserOrder], [UserKitchenConfirm], [UserKitchenDone], [TimeConfirm], [TimeDone]) VALUES (94, 54, 23, 1, 20000.0000, 20000.0000, NULL, NULL, N'linh', N'linh', N'linh', CAST(0xA4FB0490 AS SmallDateTime), CAST(0xA4FB0490 AS SmallDateTime))
INSERT [dbo].[InvoiceDetails] ([ID], [Invoice], [ProductID], [Quantity], [Price], [Cost], [KitchenConfirm], [KitchenDone], [UserOrder], [UserKitchenConfirm], [UserKitchenDone], [TimeConfirm], [TimeDone]) VALUES (95, 55, 23, 3, 20000.0000, 60000.0000, NULL, NULL, N'linh', N'linh', N'linh', CAST(0xA4FB04A9 AS SmallDateTime), CAST(0xA4FB04A9 AS SmallDateTime))
INSERT [dbo].[InvoiceDetails] ([ID], [Invoice], [ProductID], [Quantity], [Price], [Cost], [KitchenConfirm], [KitchenDone], [UserOrder], [UserKitchenConfirm], [UserKitchenDone], [TimeConfirm], [TimeDone]) VALUES (96, 55, 5, 1, 20000.0000, 20000.0000, NULL, NULL, N'linh', N'linh', N'linh', CAST(0xA4FB04A9 AS SmallDateTime), CAST(0xA4FB04A9 AS SmallDateTime))
INSERT [dbo].[InvoiceDetails] ([ID], [Invoice], [ProductID], [Quantity], [Price], [Cost], [KitchenConfirm], [KitchenDone], [UserOrder], [UserKitchenConfirm], [UserKitchenDone], [TimeConfirm], [TimeDone]) VALUES (97, 56, 22, 1, 28000.0000, 28000.0000, NULL, NULL, N'linh', N'linh', N'linh', CAST(0xA4FC01C3 AS SmallDateTime), CAST(0xA4FC01C3 AS SmallDateTime))
INSERT [dbo].[InvoiceDetails] ([ID], [Invoice], [ProductID], [Quantity], [Price], [Cost], [KitchenConfirm], [KitchenDone], [UserOrder], [UserKitchenConfirm], [UserKitchenDone], [TimeConfirm], [TimeDone]) VALUES (98, 57, 23, 1, 20000.0000, 20000.0000, NULL, NULL, N'linh', N'linh', N'linh', CAST(0xA4FC01C7 AS SmallDateTime), CAST(0xA4FC01C7 AS SmallDateTime))
INSERT [dbo].[InvoiceDetails] ([ID], [Invoice], [ProductID], [Quantity], [Price], [Cost], [KitchenConfirm], [KitchenDone], [UserOrder], [UserKitchenConfirm], [UserKitchenDone], [TimeConfirm], [TimeDone]) VALUES (99, 58, 40, 1, 25000.0000, 25000.0000, NULL, NULL, N'linh', N'linh', N'linh', CAST(0xA4FC0313 AS SmallDateTime), CAST(0xA4FC0313 AS SmallDateTime))
INSERT [dbo].[InvoiceDetails] ([ID], [Invoice], [ProductID], [Quantity], [Price], [Cost], [KitchenConfirm], [KitchenDone], [UserOrder], [UserKitchenConfirm], [UserKitchenDone], [TimeConfirm], [TimeDone]) VALUES (100, 58, 4, 1, 20000.0000, 20000.0000, NULL, NULL, N'linh', N'linh', N'linh', CAST(0xA4FC0313 AS SmallDateTime), CAST(0xA4FC0313 AS SmallDateTime))
GO
print 'Processed 100 total records'
INSERT [dbo].[InvoiceDetails] ([ID], [Invoice], [ProductID], [Quantity], [Price], [Cost], [KitchenConfirm], [KitchenDone], [UserOrder], [UserKitchenConfirm], [UserKitchenDone], [TimeConfirm], [TimeDone]) VALUES (101, 59, 45, 1, 32000.0000, 32000.0000, NULL, NULL, N'linh', N'linh', N'linh', CAST(0xA4FC030F AS SmallDateTime), CAST(0xA4FC030F AS SmallDateTime))
INSERT [dbo].[InvoiceDetails] ([ID], [Invoice], [ProductID], [Quantity], [Price], [Cost], [KitchenConfirm], [KitchenDone], [UserOrder], [UserKitchenConfirm], [UserKitchenDone], [TimeConfirm], [TimeDone]) VALUES (102, 59, 1, 1, 15000.0000, 15000.0000, NULL, NULL, N'linh', N'linh', N'linh', CAST(0xA4FC030F AS SmallDateTime), CAST(0xA4FC030F AS SmallDateTime))
INSERT [dbo].[InvoiceDetails] ([ID], [Invoice], [ProductID], [Quantity], [Price], [Cost], [KitchenConfirm], [KitchenDone], [UserOrder], [UserKitchenConfirm], [UserKitchenDone], [TimeConfirm], [TimeDone]) VALUES (103, 60, 22, 1, 28000.0000, 28000.0000, NULL, NULL, N'linh', N'linh', N'linh', CAST(0xA4FC033D AS SmallDateTime), CAST(0xA4FC033D AS SmallDateTime))
INSERT [dbo].[InvoiceDetails] ([ID], [Invoice], [ProductID], [Quantity], [Price], [Cost], [KitchenConfirm], [KitchenDone], [UserOrder], [UserKitchenConfirm], [UserKitchenDone], [TimeConfirm], [TimeDone]) VALUES (104, 61, 22, 1, 28000.0000, 28000.0000, NULL, NULL, N'linh', N'linh', N'linh', CAST(0xA4FC0405 AS SmallDateTime), CAST(0xA4FC0405 AS SmallDateTime))
INSERT [dbo].[InvoiceDetails] ([ID], [Invoice], [ProductID], [Quantity], [Price], [Cost], [KitchenConfirm], [KitchenDone], [UserOrder], [UserKitchenConfirm], [UserKitchenDone], [TimeConfirm], [TimeDone]) VALUES (105, 61, 32, 1, 30000.0000, 30000.0000, NULL, NULL, N'linh', N'linh', N'linh', CAST(0xA4FC0405 AS SmallDateTime), CAST(0xA4FC0405 AS SmallDateTime))
INSERT [dbo].[InvoiceDetails] ([ID], [Invoice], [ProductID], [Quantity], [Price], [Cost], [KitchenConfirm], [KitchenDone], [UserOrder], [UserKitchenConfirm], [UserKitchenDone], [TimeConfirm], [TimeDone]) VALUES (106, 61, 3, 1, 20000.0000, 20000.0000, NULL, NULL, N'linh', N'linh', N'linh', CAST(0xA4FC0405 AS SmallDateTime), CAST(0xA4FC0405 AS SmallDateTime))
INSERT [dbo].[InvoiceDetails] ([ID], [Invoice], [ProductID], [Quantity], [Price], [Cost], [KitchenConfirm], [KitchenDone], [UserOrder], [UserKitchenConfirm], [UserKitchenDone], [TimeConfirm], [TimeDone]) VALUES (107, 62, 32, 1, 30000.0000, 30000.0000, NULL, NULL, N'linh', N'linh', N'linh', CAST(0xA4FC0410 AS SmallDateTime), CAST(0xA4FC0410 AS SmallDateTime))
INSERT [dbo].[InvoiceDetails] ([ID], [Invoice], [ProductID], [Quantity], [Price], [Cost], [KitchenConfirm], [KitchenDone], [UserOrder], [UserKitchenConfirm], [UserKitchenDone], [TimeConfirm], [TimeDone]) VALUES (108, 62, 3, 1, 20000.0000, 20000.0000, NULL, NULL, N'linh', N'linh', N'linh', CAST(0xA4FC0410 AS SmallDateTime), CAST(0xA4FC0410 AS SmallDateTime))
INSERT [dbo].[InvoiceDetails] ([ID], [Invoice], [ProductID], [Quantity], [Price], [Cost], [KitchenConfirm], [KitchenDone], [UserOrder], [UserKitchenConfirm], [UserKitchenDone], [TimeConfirm], [TimeDone]) VALUES (109, 62, 22, 1, 28000.0000, 28000.0000, NULL, NULL, N'linh', N'linh', N'linh', CAST(0xA4FC0410 AS SmallDateTime), CAST(0xA4FC0410 AS SmallDateTime))
INSERT [dbo].[InvoiceDetails] ([ID], [Invoice], [ProductID], [Quantity], [Price], [Cost], [KitchenConfirm], [KitchenDone], [UserOrder], [UserKitchenConfirm], [UserKitchenDone], [TimeConfirm], [TimeDone]) VALUES (110, 63, 45, 2, 32000.0000, 64000.0000, NULL, NULL, N'linh', N'linh', N'linh', CAST(0xA4FC0416 AS SmallDateTime), CAST(0xA4FC0416 AS SmallDateTime))
INSERT [dbo].[InvoiceDetails] ([ID], [Invoice], [ProductID], [Quantity], [Price], [Cost], [KitchenConfirm], [KitchenDone], [UserOrder], [UserKitchenConfirm], [UserKitchenDone], [TimeConfirm], [TimeDone]) VALUES (111, 64, 3, 1, 20000.0000, 20000.0000, NULL, NULL, N'linh', N'linh', N'linh', CAST(0xA4FC0417 AS SmallDateTime), CAST(0xA4FC0417 AS SmallDateTime))
INSERT [dbo].[InvoiceDetails] ([ID], [Invoice], [ProductID], [Quantity], [Price], [Cost], [KitchenConfirm], [KitchenDone], [UserOrder], [UserKitchenConfirm], [UserKitchenDone], [TimeConfirm], [TimeDone]) VALUES (112, 65, 15, 1, 25000.0000, 25000.0000, NULL, NULL, N'linh', N'linh', N'linh', CAST(0xA4FD031F AS SmallDateTime), CAST(0xA4FD031F AS SmallDateTime))
INSERT [dbo].[InvoiceDetails] ([ID], [Invoice], [ProductID], [Quantity], [Price], [Cost], [KitchenConfirm], [KitchenDone], [UserOrder], [UserKitchenConfirm], [UserKitchenDone], [TimeConfirm], [TimeDone]) VALUES (113, 66, 15, 5, 25000.0000, 125000.0000, NULL, NULL, N'huy', N'huy', N'huy', CAST(0xA4FD0323 AS SmallDateTime), CAST(0xA4FD0323 AS SmallDateTime))
INSERT [dbo].[InvoiceDetails] ([ID], [Invoice], [ProductID], [Quantity], [Price], [Cost], [KitchenConfirm], [KitchenDone], [UserOrder], [UserKitchenConfirm], [UserKitchenDone], [TimeConfirm], [TimeDone]) VALUES (114, 67, 32, 1, 30000.0000, 30000.0000, NULL, NULL, N'huy', N'huy', N'huy', CAST(0xA4FD0323 AS SmallDateTime), CAST(0xA4FD0323 AS SmallDateTime))
INSERT [dbo].[InvoiceDetails] ([ID], [Invoice], [ProductID], [Quantity], [Price], [Cost], [KitchenConfirm], [KitchenDone], [UserOrder], [UserKitchenConfirm], [UserKitchenDone], [TimeConfirm], [TimeDone]) VALUES (115, 68, 22, 1, 28000.0000, 28000.0000, NULL, NULL, N'linh', N'linh', N'linh', CAST(0xA4FD0292 AS SmallDateTime), CAST(0xA4FD0292 AS SmallDateTime))
INSERT [dbo].[InvoiceDetails] ([ID], [Invoice], [ProductID], [Quantity], [Price], [Cost], [KitchenConfirm], [KitchenDone], [UserOrder], [UserKitchenConfirm], [UserKitchenDone], [TimeConfirm], [TimeDone]) VALUES (116, 68, 38, 1, 30000.0000, 30000.0000, NULL, NULL, N'linh', N'linh', N'linh', CAST(0xA4FD0292 AS SmallDateTime), CAST(0xA4FD0292 AS SmallDateTime))
INSERT [dbo].[InvoiceDetails] ([ID], [Invoice], [ProductID], [Quantity], [Price], [Cost], [KitchenConfirm], [KitchenDone], [UserOrder], [UserKitchenConfirm], [UserKitchenDone], [TimeConfirm], [TimeDone]) VALUES (117, 69, 22, 1, 28000.0000, 28000.0000, NULL, NULL, N'linh', N'linh', N'linh', CAST(0xA4FD0292 AS SmallDateTime), CAST(0xA4FD0292 AS SmallDateTime))
INSERT [dbo].[InvoiceDetails] ([ID], [Invoice], [ProductID], [Quantity], [Price], [Cost], [KitchenConfirm], [KitchenDone], [UserOrder], [UserKitchenConfirm], [UserKitchenDone], [TimeConfirm], [TimeDone]) VALUES (118, 70, 3, 2, 20000.0000, 40000.0000, NULL, NULL, N'huy', N'huy', N'huy', CAST(0xA4FD0322 AS SmallDateTime), CAST(0xA4FD0322 AS SmallDateTime))
INSERT [dbo].[InvoiceDetails] ([ID], [Invoice], [ProductID], [Quantity], [Price], [Cost], [KitchenConfirm], [KitchenDone], [UserOrder], [UserKitchenConfirm], [UserKitchenDone], [TimeConfirm], [TimeDone]) VALUES (119, 70, 4, 1, 20000.0000, 20000.0000, NULL, NULL, N'huy', N'huy', N'huy', CAST(0xA4FD0322 AS SmallDateTime), CAST(0xA4FD0322 AS SmallDateTime))
INSERT [dbo].[InvoiceDetails] ([ID], [Invoice], [ProductID], [Quantity], [Price], [Cost], [KitchenConfirm], [KitchenDone], [UserOrder], [UserKitchenConfirm], [UserKitchenDone], [TimeConfirm], [TimeDone]) VALUES (120, 71, 22, 2, 28000.0000, 56000.0000, NULL, NULL, N'linh', N'linh', N'linh', CAST(0xA4FD0400 AS SmallDateTime), CAST(0xA4FD0400 AS SmallDateTime))
INSERT [dbo].[InvoiceDetails] ([ID], [Invoice], [ProductID], [Quantity], [Price], [Cost], [KitchenConfirm], [KitchenDone], [UserOrder], [UserKitchenConfirm], [UserKitchenDone], [TimeConfirm], [TimeDone]) VALUES (121, 71, 1, 0, 15000.0000, 0.0000, NULL, NULL, N'linh', N'linh', N'linh', CAST(0xA4FD0400 AS SmallDateTime), CAST(0xA4FD0400 AS SmallDateTime))
INSERT [dbo].[InvoiceDetails] ([ID], [Invoice], [ProductID], [Quantity], [Price], [Cost], [KitchenConfirm], [KitchenDone], [UserOrder], [UserKitchenConfirm], [UserKitchenDone], [TimeConfirm], [TimeDone]) VALUES (122, 71, 3, 1, 20000.0000, 20000.0000, NULL, NULL, N'linh', N'linh', N'linh', CAST(0xA4FD0400 AS SmallDateTime), CAST(0xA4FD0400 AS SmallDateTime))
INSERT [dbo].[InvoiceDetails] ([ID], [Invoice], [ProductID], [Quantity], [Price], [Cost], [KitchenConfirm], [KitchenDone], [UserOrder], [UserKitchenConfirm], [UserKitchenDone], [TimeConfirm], [TimeDone]) VALUES (123, 71, 7, 1, 20000.0000, 20000.0000, NULL, NULL, N'linh', N'linh', N'linh', CAST(0xA4FD0400 AS SmallDateTime), CAST(0xA4FD0400 AS SmallDateTime))
INSERT [dbo].[InvoiceDetails] ([ID], [Invoice], [ProductID], [Quantity], [Price], [Cost], [KitchenConfirm], [KitchenDone], [UserOrder], [UserKitchenConfirm], [UserKitchenDone], [TimeConfirm], [TimeDone]) VALUES (124, 71, 38, 1, 30000.0000, 30000.0000, NULL, NULL, N'linh', N'linh', N'linh', CAST(0xA4FD0400 AS SmallDateTime), CAST(0xA4FD0400 AS SmallDateTime))
INSERT [dbo].[InvoiceDetails] ([ID], [Invoice], [ProductID], [Quantity], [Price], [Cost], [KitchenConfirm], [KitchenDone], [UserOrder], [UserKitchenConfirm], [UserKitchenDone], [TimeConfirm], [TimeDone]) VALUES (125, 72, 7, 1, 20000.0000, 20000.0000, NULL, NULL, N'linh', N'linh', N'linh', CAST(0xA4FD0404 AS SmallDateTime), CAST(0xA4FD0404 AS SmallDateTime))
INSERT [dbo].[InvoiceDetails] ([ID], [Invoice], [ProductID], [Quantity], [Price], [Cost], [KitchenConfirm], [KitchenDone], [UserOrder], [UserKitchenConfirm], [UserKitchenDone], [TimeConfirm], [TimeDone]) VALUES (126, 72, 33, 1, 30000.0000, 30000.0000, NULL, NULL, N'linh', N'linh', N'linh', CAST(0xA4FD0404 AS SmallDateTime), CAST(0xA4FD0404 AS SmallDateTime))
INSERT [dbo].[InvoiceDetails] ([ID], [Invoice], [ProductID], [Quantity], [Price], [Cost], [KitchenConfirm], [KitchenDone], [UserOrder], [UserKitchenConfirm], [UserKitchenDone], [TimeConfirm], [TimeDone]) VALUES (127, 72, 30, 1, 20000.0000, 20000.0000, NULL, NULL, N'linh', N'linh', N'linh', CAST(0xA4FD0404 AS SmallDateTime), CAST(0xA4FD0404 AS SmallDateTime))
INSERT [dbo].[InvoiceDetails] ([ID], [Invoice], [ProductID], [Quantity], [Price], [Cost], [KitchenConfirm], [KitchenDone], [UserOrder], [UserKitchenConfirm], [UserKitchenDone], [TimeConfirm], [TimeDone]) VALUES (128, 73, 22, 2, 28000.0000, 56000.0000, NULL, NULL, N'linh', N'linh', N'linh', CAST(0xA4FD040B AS SmallDateTime), CAST(0xA4FD040B AS SmallDateTime))
INSERT [dbo].[InvoiceDetails] ([ID], [Invoice], [ProductID], [Quantity], [Price], [Cost], [KitchenConfirm], [KitchenDone], [UserOrder], [UserKitchenConfirm], [UserKitchenDone], [TimeConfirm], [TimeDone]) VALUES (129, 73, 3, 1, 20000.0000, 20000.0000, NULL, NULL, N'linh', N'linh', N'linh', CAST(0xA4FD040B AS SmallDateTime), CAST(0xA4FD040B AS SmallDateTime))
INSERT [dbo].[InvoiceDetails] ([ID], [Invoice], [ProductID], [Quantity], [Price], [Cost], [KitchenConfirm], [KitchenDone], [UserOrder], [UserKitchenConfirm], [UserKitchenDone], [TimeConfirm], [TimeDone]) VALUES (130, 73, 7, 1, 20000.0000, 20000.0000, NULL, NULL, N'linh', N'linh', N'linh', CAST(0xA4FD040B AS SmallDateTime), CAST(0xA4FD040B AS SmallDateTime))
INSERT [dbo].[InvoiceDetails] ([ID], [Invoice], [ProductID], [Quantity], [Price], [Cost], [KitchenConfirm], [KitchenDone], [UserOrder], [UserKitchenConfirm], [UserKitchenDone], [TimeConfirm], [TimeDone]) VALUES (131, 73, 38, 1, 30000.0000, 30000.0000, NULL, NULL, N'linh', N'linh', N'linh', CAST(0xA4FD040B AS SmallDateTime), CAST(0xA4FD040B AS SmallDateTime))
INSERT [dbo].[InvoiceDetails] ([ID], [Invoice], [ProductID], [Quantity], [Price], [Cost], [KitchenConfirm], [KitchenDone], [UserOrder], [UserKitchenConfirm], [UserKitchenDone], [TimeConfirm], [TimeDone]) VALUES (132, 74, 22, 2, 28000.0000, 56000.0000, NULL, NULL, N'linh', N'linh', N'linh', CAST(0xA4FD040B AS SmallDateTime), CAST(0xA4FD040B AS SmallDateTime))
INSERT [dbo].[InvoiceDetails] ([ID], [Invoice], [ProductID], [Quantity], [Price], [Cost], [KitchenConfirm], [KitchenDone], [UserOrder], [UserKitchenConfirm], [UserKitchenDone], [TimeConfirm], [TimeDone]) VALUES (133, 74, 3, 1, 20000.0000, 20000.0000, NULL, NULL, N'linh', N'linh', N'linh', CAST(0xA4FD040B AS SmallDateTime), CAST(0xA4FD040B AS SmallDateTime))
INSERT [dbo].[InvoiceDetails] ([ID], [Invoice], [ProductID], [Quantity], [Price], [Cost], [KitchenConfirm], [KitchenDone], [UserOrder], [UserKitchenConfirm], [UserKitchenDone], [TimeConfirm], [TimeDone]) VALUES (134, 74, 7, 1, 20000.0000, 20000.0000, NULL, NULL, N'linh', N'linh', N'linh', CAST(0xA4FD040B AS SmallDateTime), CAST(0xA4FD040B AS SmallDateTime))
INSERT [dbo].[InvoiceDetails] ([ID], [Invoice], [ProductID], [Quantity], [Price], [Cost], [KitchenConfirm], [KitchenDone], [UserOrder], [UserKitchenConfirm], [UserKitchenDone], [TimeConfirm], [TimeDone]) VALUES (135, 74, 38, 1, 30000.0000, 30000.0000, NULL, NULL, N'linh', N'linh', N'linh', CAST(0xA4FD040B AS SmallDateTime), CAST(0xA4FD040B AS SmallDateTime))
INSERT [dbo].[InvoiceDetails] ([ID], [Invoice], [ProductID], [Quantity], [Price], [Cost], [KitchenConfirm], [KitchenDone], [UserOrder], [UserKitchenConfirm], [UserKitchenDone], [TimeConfirm], [TimeDone]) VALUES (136, 75, 22, 2, 28000.0000, 56000.0000, NULL, NULL, N'linh', N'linh', N'linh', CAST(0xA4FD0444 AS SmallDateTime), CAST(0xA4FD0444 AS SmallDateTime))
INSERT [dbo].[InvoiceDetails] ([ID], [Invoice], [ProductID], [Quantity], [Price], [Cost], [KitchenConfirm], [KitchenDone], [UserOrder], [UserKitchenConfirm], [UserKitchenDone], [TimeConfirm], [TimeDone]) VALUES (137, 75, 3, 1, 20000.0000, 20000.0000, NULL, NULL, N'linh', N'linh', N'linh', CAST(0xA4FD0444 AS SmallDateTime), CAST(0xA4FD0444 AS SmallDateTime))
INSERT [dbo].[InvoiceDetails] ([ID], [Invoice], [ProductID], [Quantity], [Price], [Cost], [KitchenConfirm], [KitchenDone], [UserOrder], [UserKitchenConfirm], [UserKitchenDone], [TimeConfirm], [TimeDone]) VALUES (138, 75, 7, 1, 20000.0000, 20000.0000, NULL, NULL, N'linh', N'linh', N'linh', CAST(0xA4FD0444 AS SmallDateTime), CAST(0xA4FD0444 AS SmallDateTime))
INSERT [dbo].[InvoiceDetails] ([ID], [Invoice], [ProductID], [Quantity], [Price], [Cost], [KitchenConfirm], [KitchenDone], [UserOrder], [UserKitchenConfirm], [UserKitchenDone], [TimeConfirm], [TimeDone]) VALUES (139, 75, 38, 1, 30000.0000, 30000.0000, NULL, NULL, N'linh', N'linh', N'linh', CAST(0xA4FD0444 AS SmallDateTime), CAST(0xA4FD0444 AS SmallDateTime))
INSERT [dbo].[InvoiceDetails] ([ID], [Invoice], [ProductID], [Quantity], [Price], [Cost], [KitchenConfirm], [KitchenDone], [UserOrder], [UserKitchenConfirm], [UserKitchenDone], [TimeConfirm], [TimeDone]) VALUES (140, 75, 1, 1, 15000.0000, 15000.0000, NULL, NULL, N'linh', N'linh', N'linh', CAST(0xA4FD0444 AS SmallDateTime), CAST(0xA4FD0444 AS SmallDateTime))
INSERT [dbo].[InvoiceDetails] ([ID], [Invoice], [ProductID], [Quantity], [Price], [Cost], [KitchenConfirm], [KitchenDone], [UserOrder], [UserKitchenConfirm], [UserKitchenDone], [TimeConfirm], [TimeDone]) VALUES (141, 76, 32, 1, 30000.0000, 30000.0000, NULL, NULL, N'linh', N'linh', N'linh', CAST(0xA4FD04A0 AS SmallDateTime), CAST(0xA4FD04A0 AS SmallDateTime))
INSERT [dbo].[InvoiceDetails] ([ID], [Invoice], [ProductID], [Quantity], [Price], [Cost], [KitchenConfirm], [KitchenDone], [UserOrder], [UserKitchenConfirm], [UserKitchenDone], [TimeConfirm], [TimeDone]) VALUES (142, 77, 23, 1, 20000.0000, 20000.0000, NULL, NULL, N'huy', N'huy', N'huy', CAST(0xA4FD04A3 AS SmallDateTime), CAST(0xA4FD04A3 AS SmallDateTime))
INSERT [dbo].[InvoiceDetails] ([ID], [Invoice], [ProductID], [Quantity], [Price], [Cost], [KitchenConfirm], [KitchenDone], [UserOrder], [UserKitchenConfirm], [UserKitchenDone], [TimeConfirm], [TimeDone]) VALUES (143, 77, 36, 1, 30000.0000, 30000.0000, NULL, NULL, N'huy', N'huy', N'huy', CAST(0xA4FD04A3 AS SmallDateTime), CAST(0xA4FD04A3 AS SmallDateTime))
INSERT [dbo].[InvoiceDetails] ([ID], [Invoice], [ProductID], [Quantity], [Price], [Cost], [KitchenConfirm], [KitchenDone], [UserOrder], [UserKitchenConfirm], [UserKitchenDone], [TimeConfirm], [TimeDone]) VALUES (144, 78, 32, 1, 30000.0000, 30000.0000, NULL, NULL, N'huy', N'huy', N'huy', CAST(0xA4FD04A5 AS SmallDateTime), CAST(0xA4FD04A5 AS SmallDateTime))
INSERT [dbo].[InvoiceDetails] ([ID], [Invoice], [ProductID], [Quantity], [Price], [Cost], [KitchenConfirm], [KitchenDone], [UserOrder], [UserKitchenConfirm], [UserKitchenDone], [TimeConfirm], [TimeDone]) VALUES (145, 79, 45, 31, 32000.0000, 992000.0000, NULL, NULL, N'linh', N'linh', N'linh', CAST(0xA4FE0385 AS SmallDateTime), CAST(0xA4FE0385 AS SmallDateTime))
INSERT [dbo].[InvoiceDetails] ([ID], [Invoice], [ProductID], [Quantity], [Price], [Cost], [KitchenConfirm], [KitchenDone], [UserOrder], [UserKitchenConfirm], [UserKitchenDone], [TimeConfirm], [TimeDone]) VALUES (146, 79, 39, 2, 32000.0000, 64000.0000, NULL, NULL, N'linh', N'linh', N'linh', CAST(0xA4FE0385 AS SmallDateTime), CAST(0xA4FE0385 AS SmallDateTime))
INSERT [dbo].[InvoiceDetails] ([ID], [Invoice], [ProductID], [Quantity], [Price], [Cost], [KitchenConfirm], [KitchenDone], [UserOrder], [UserKitchenConfirm], [UserKitchenDone], [TimeConfirm], [TimeDone]) VALUES (147, 80, 26, 1, 20000.0000, 20000.0000, NULL, NULL, N'huy', N'huy', N'huy', CAST(0xA4FD04A3 AS SmallDateTime), CAST(0xA4FD04A3 AS SmallDateTime))
INSERT [dbo].[InvoiceDetails] ([ID], [Invoice], [ProductID], [Quantity], [Price], [Cost], [KitchenConfirm], [KitchenDone], [UserOrder], [UserKitchenConfirm], [UserKitchenDone], [TimeConfirm], [TimeDone]) VALUES (148, 80, 23, 1, 20000.0000, 20000.0000, NULL, NULL, N'huy', N'huy', N'huy', CAST(0xA4FD04A3 AS SmallDateTime), CAST(0xA4FD04A3 AS SmallDateTime))
INSERT [dbo].[InvoiceDetails] ([ID], [Invoice], [ProductID], [Quantity], [Price], [Cost], [KitchenConfirm], [KitchenDone], [UserOrder], [UserKitchenConfirm], [UserKitchenDone], [TimeConfirm], [TimeDone]) VALUES (149, 81, 23, 1, 20000.0000, 20000.0000, NULL, NULL, N'linh', N'linh', N'linh', CAST(0xA4FE0476 AS SmallDateTime), CAST(0xA4FE0476 AS SmallDateTime))
INSERT [dbo].[InvoiceDetails] ([ID], [Invoice], [ProductID], [Quantity], [Price], [Cost], [KitchenConfirm], [KitchenDone], [UserOrder], [UserKitchenConfirm], [UserKitchenDone], [TimeConfirm], [TimeDone]) VALUES (150, 81, 7, 1, 20000.0000, 20000.0000, NULL, NULL, N'linh', N'linh', N'linh', CAST(0xA4FE0476 AS SmallDateTime), CAST(0xA4FE0476 AS SmallDateTime))
INSERT [dbo].[InvoiceDetails] ([ID], [Invoice], [ProductID], [Quantity], [Price], [Cost], [KitchenConfirm], [KitchenDone], [UserOrder], [UserKitchenConfirm], [UserKitchenDone], [TimeConfirm], [TimeDone]) VALUES (151, 81, 6, 1, 20000.0000, 20000.0000, NULL, NULL, N'linh', N'linh', N'linh', CAST(0xA4FE0476 AS SmallDateTime), CAST(0xA4FE0476 AS SmallDateTime))
INSERT [dbo].[InvoiceDetails] ([ID], [Invoice], [ProductID], [Quantity], [Price], [Cost], [KitchenConfirm], [KitchenDone], [UserOrder], [UserKitchenConfirm], [UserKitchenDone], [TimeConfirm], [TimeDone]) VALUES (152, 82, 23, 1, 20000.0000, 20000.0000, NULL, NULL, N'linh', N'linh', N'linh', CAST(0xA4FE0476 AS SmallDateTime), CAST(0xA4FE0476 AS SmallDateTime))
INSERT [dbo].[InvoiceDetails] ([ID], [Invoice], [ProductID], [Quantity], [Price], [Cost], [KitchenConfirm], [KitchenDone], [UserOrder], [UserKitchenConfirm], [UserKitchenDone], [TimeConfirm], [TimeDone]) VALUES (153, 82, 7, 1, 20000.0000, 20000.0000, NULL, NULL, N'linh', N'linh', N'linh', CAST(0xA4FE0476 AS SmallDateTime), CAST(0xA4FE0476 AS SmallDateTime))
INSERT [dbo].[InvoiceDetails] ([ID], [Invoice], [ProductID], [Quantity], [Price], [Cost], [KitchenConfirm], [KitchenDone], [UserOrder], [UserKitchenConfirm], [UserKitchenDone], [TimeConfirm], [TimeDone]) VALUES (154, 82, 6, 1, 20000.0000, 20000.0000, NULL, NULL, N'linh', N'linh', N'linh', CAST(0xA4FE0476 AS SmallDateTime), CAST(0xA4FE0476 AS SmallDateTime))
INSERT [dbo].[InvoiceDetails] ([ID], [Invoice], [ProductID], [Quantity], [Price], [Cost], [KitchenConfirm], [KitchenDone], [UserOrder], [UserKitchenConfirm], [UserKitchenDone], [TimeConfirm], [TimeDone]) VALUES (155, 83, 46, 1, 30000.0000, 30000.0000, NULL, NULL, N'linh', N'linh', N'linh', CAST(0xA4FE04E3 AS SmallDateTime), CAST(0xA4FE04E3 AS SmallDateTime))
INSERT [dbo].[InvoiceDetails] ([ID], [Invoice], [ProductID], [Quantity], [Price], [Cost], [KitchenConfirm], [KitchenDone], [UserOrder], [UserKitchenConfirm], [UserKitchenDone], [TimeConfirm], [TimeDone]) VALUES (156, 84, 35, 1, 30000.0000, 30000.0000, NULL, NULL, N'linh', N'linh', N'linh', CAST(0xA4FE04C6 AS SmallDateTime), CAST(0xA4FE04C6 AS SmallDateTime))
INSERT [dbo].[InvoiceDetails] ([ID], [Invoice], [ProductID], [Quantity], [Price], [Cost], [KitchenConfirm], [KitchenDone], [UserOrder], [UserKitchenConfirm], [UserKitchenDone], [TimeConfirm], [TimeDone]) VALUES (157, 84, 5, 1, 20000.0000, 20000.0000, NULL, NULL, N'linh', N'linh', N'linh', CAST(0xA4FE04C6 AS SmallDateTime), CAST(0xA4FE04C6 AS SmallDateTime))
INSERT [dbo].[InvoiceDetails] ([ID], [Invoice], [ProductID], [Quantity], [Price], [Cost], [KitchenConfirm], [KitchenDone], [UserOrder], [UserKitchenConfirm], [UserKitchenDone], [TimeConfirm], [TimeDone]) VALUES (158, 85, 45, 37, 32000.0000, 1184000.0000, NULL, NULL, N'linh', N'linh', N'linh', CAST(0xA4FF039E AS SmallDateTime), CAST(0xA4FF039E AS SmallDateTime))
INSERT [dbo].[InvoiceDetails] ([ID], [Invoice], [ProductID], [Quantity], [Price], [Cost], [KitchenConfirm], [KitchenDone], [UserOrder], [UserKitchenConfirm], [UserKitchenDone], [TimeConfirm], [TimeDone]) VALUES (159, 86, 32, 1, 30000.0000, 30000.0000, NULL, NULL, N'linh', N'linh', N'linh', CAST(0xA4FF027D AS SmallDateTime), CAST(0xA4FF027D AS SmallDateTime))
INSERT [dbo].[InvoiceDetails] ([ID], [Invoice], [ProductID], [Quantity], [Price], [Cost], [KitchenConfirm], [KitchenDone], [UserOrder], [UserKitchenConfirm], [UserKitchenDone], [TimeConfirm], [TimeDone]) VALUES (160, 86, 6, 1, 20000.0000, 20000.0000, NULL, NULL, N'linh', N'linh', N'linh', CAST(0xA4FF027D AS SmallDateTime), CAST(0xA4FF027D AS SmallDateTime))
INSERT [dbo].[InvoiceDetails] ([ID], [Invoice], [ProductID], [Quantity], [Price], [Cost], [KitchenConfirm], [KitchenDone], [UserOrder], [UserKitchenConfirm], [UserKitchenDone], [TimeConfirm], [TimeDone]) VALUES (161, 87, 3, 1, 20000.0000, 20000.0000, NULL, NULL, N'linh', N'linh', N'linh', CAST(0xA4FE04E3 AS SmallDateTime), CAST(0xA4FE04E3 AS SmallDateTime))
INSERT [dbo].[InvoiceDetails] ([ID], [Invoice], [ProductID], [Quantity], [Price], [Cost], [KitchenConfirm], [KitchenDone], [UserOrder], [UserKitchenConfirm], [UserKitchenDone], [TimeConfirm], [TimeDone]) VALUES (162, 88, 45, 37, 32000.0000, 1184000.0000, NULL, NULL, N'linh', N'linh', N'linh', CAST(0xA4FF03A1 AS SmallDateTime), CAST(0xA4FF03A1 AS SmallDateTime))
INSERT [dbo].[InvoiceDetails] ([ID], [Invoice], [ProductID], [Quantity], [Price], [Cost], [KitchenConfirm], [KitchenDone], [UserOrder], [UserKitchenConfirm], [UserKitchenDone], [TimeConfirm], [TimeDone]) VALUES (163, 89, 35, 2, 30000.0000, 60000.0000, NULL, NULL, N'linh', N'linh', N'linh', CAST(0xA4FF03A1 AS SmallDateTime), CAST(0xA4FF03A1 AS SmallDateTime))
INSERT [dbo].[InvoiceDetails] ([ID], [Invoice], [ProductID], [Quantity], [Price], [Cost], [KitchenConfirm], [KitchenDone], [UserOrder], [UserKitchenConfirm], [UserKitchenDone], [TimeConfirm], [TimeDone]) VALUES (164, 90, 45, 26, 32000.0000, 832000.0000, NULL, NULL, N'linh', N'linh', N'linh', CAST(0xA5000446 AS SmallDateTime), CAST(0xA5000446 AS SmallDateTime))
INSERT [dbo].[InvoiceDetails] ([ID], [Invoice], [ProductID], [Quantity], [Price], [Cost], [KitchenConfirm], [KitchenDone], [UserOrder], [UserKitchenConfirm], [UserKitchenDone], [TimeConfirm], [TimeDone]) VALUES (165, 90, 6, 7, 20000.0000, 140000.0000, NULL, NULL, N'linh', N'linh', N'linh', CAST(0xA5000446 AS SmallDateTime), CAST(0xA5000446 AS SmallDateTime))
INSERT [dbo].[InvoiceDetails] ([ID], [Invoice], [ProductID], [Quantity], [Price], [Cost], [KitchenConfirm], [KitchenDone], [UserOrder], [UserKitchenConfirm], [UserKitchenDone], [TimeConfirm], [TimeDone]) VALUES (166, 91, 45, 33, 32000.0000, 1056000.0000, NULL, NULL, N'linh', N'linh', N'linh', CAST(0xA500044A AS SmallDateTime), CAST(0xA500044A AS SmallDateTime))
INSERT [dbo].[InvoiceDetails] ([ID], [Invoice], [ProductID], [Quantity], [Price], [Cost], [KitchenConfirm], [KitchenDone], [UserOrder], [UserKitchenConfirm], [UserKitchenDone], [TimeConfirm], [TimeDone]) VALUES (167, 92, 45, 30, 32000.0000, 960000.0000, NULL, NULL, N'linh', N'linh', N'linh', CAST(0xA5010463 AS SmallDateTime), CAST(0xA5010463 AS SmallDateTime))
INSERT [dbo].[InvoiceDetails] ([ID], [Invoice], [ProductID], [Quantity], [Price], [Cost], [KitchenConfirm], [KitchenDone], [UserOrder], [UserKitchenConfirm], [UserKitchenDone], [TimeConfirm], [TimeDone]) VALUES (168, 93, 9, 1, 30000.0000, 30000.0000, NULL, NULL, N'linh', N'linh', N'linh', CAST(0xA5010463 AS SmallDateTime), CAST(0xA5010463 AS SmallDateTime))
INSERT [dbo].[InvoiceDetails] ([ID], [Invoice], [ProductID], [Quantity], [Price], [Cost], [KitchenConfirm], [KitchenDone], [UserOrder], [UserKitchenConfirm], [UserKitchenDone], [TimeConfirm], [TimeDone]) VALUES (169, 94, 1, 2, 15000.0000, 30000.0000, NULL, NULL, N'linh', N'linh', N'linh', CAST(0xA50202AD AS SmallDateTime), CAST(0xA50202AD AS SmallDateTime))
INSERT [dbo].[InvoiceDetails] ([ID], [Invoice], [ProductID], [Quantity], [Price], [Cost], [KitchenConfirm], [KitchenDone], [UserOrder], [UserKitchenConfirm], [UserKitchenDone], [TimeConfirm], [TimeDone]) VALUES (170, 95, 5, 1, 20000.0000, 20000.0000, NULL, NULL, N'linh', N'linh', N'linh', CAST(0xA50202AE AS SmallDateTime), CAST(0xA50202AE AS SmallDateTime))
INSERT [dbo].[InvoiceDetails] ([ID], [Invoice], [ProductID], [Quantity], [Price], [Cost], [KitchenConfirm], [KitchenDone], [UserOrder], [UserKitchenConfirm], [UserKitchenDone], [TimeConfirm], [TimeDone]) VALUES (171, 96, 23, 1, 20000.0000, 20000.0000, NULL, NULL, N'linh', N'linh', N'linh', CAST(0xA50202AF AS SmallDateTime), CAST(0xA50202AF AS SmallDateTime))
INSERT [dbo].[InvoiceDetails] ([ID], [Invoice], [ProductID], [Quantity], [Price], [Cost], [KitchenConfirm], [KitchenDone], [UserOrder], [UserKitchenConfirm], [UserKitchenDone], [TimeConfirm], [TimeDone]) VALUES (172, 96, 30, 1, 20000.0000, 20000.0000, NULL, NULL, N'linh', N'linh', N'linh', CAST(0xA50202AF AS SmallDateTime), CAST(0xA50202AF AS SmallDateTime))
INSERT [dbo].[InvoiceDetails] ([ID], [Invoice], [ProductID], [Quantity], [Price], [Cost], [KitchenConfirm], [KitchenDone], [UserOrder], [UserKitchenConfirm], [UserKitchenDone], [TimeConfirm], [TimeDone]) VALUES (173, 97, 4, 1, 20000.0000, 20000.0000, NULL, NULL, N'linh', N'linh', N'linh', CAST(0xA50202B0 AS SmallDateTime), CAST(0xA50202B0 AS SmallDateTime))
INSERT [dbo].[InvoiceDetails] ([ID], [Invoice], [ProductID], [Quantity], [Price], [Cost], [KitchenConfirm], [KitchenDone], [UserOrder], [UserKitchenConfirm], [UserKitchenDone], [TimeConfirm], [TimeDone]) VALUES (174, 98, 45, 33, 32000.0000, 1056000.0000, NULL, NULL, N'linh', N'linh', N'linh', CAST(0xA502038F AS SmallDateTime), CAST(0xA502038F AS SmallDateTime))
INSERT [dbo].[InvoiceDetails] ([ID], [Invoice], [ProductID], [Quantity], [Price], [Cost], [KitchenConfirm], [KitchenDone], [UserOrder], [UserKitchenConfirm], [UserKitchenDone], [TimeConfirm], [TimeDone]) VALUES (175, 98, 39, 9, 32000.0000, 288000.0000, NULL, NULL, N'linh', N'linh', N'linh', CAST(0xA502038F AS SmallDateTime), CAST(0xA502038F AS SmallDateTime))
INSERT [dbo].[InvoiceDetails] ([ID], [Invoice], [ProductID], [Quantity], [Price], [Cost], [KitchenConfirm], [KitchenDone], [UserOrder], [UserKitchenConfirm], [UserKitchenDone], [TimeConfirm], [TimeDone]) VALUES (176, 98, 15, 8, 25000.0000, 200000.0000, NULL, NULL, N'linh', N'linh', N'linh', CAST(0xA502038F AS SmallDateTime), CAST(0xA502038F AS SmallDateTime))
INSERT [dbo].[InvoiceDetails] ([ID], [Invoice], [ProductID], [Quantity], [Price], [Cost], [KitchenConfirm], [KitchenDone], [UserOrder], [UserKitchenConfirm], [UserKitchenDone], [TimeConfirm], [TimeDone]) VALUES (177, 99, 23, 1, 20000.0000, 20000.0000, NULL, NULL, N'linh', N'linh', N'linh', CAST(0xA503025E AS SmallDateTime), CAST(0xA503025E AS SmallDateTime))
INSERT [dbo].[InvoiceDetails] ([ID], [Invoice], [ProductID], [Quantity], [Price], [Cost], [KitchenConfirm], [KitchenDone], [UserOrder], [UserKitchenConfirm], [UserKitchenDone], [TimeConfirm], [TimeDone]) VALUES (178, 99, 25, 1, 20000.0000, 20000.0000, NULL, NULL, N'linh', N'linh', N'linh', CAST(0xA503025E AS SmallDateTime), CAST(0xA503025E AS SmallDateTime))
INSERT [dbo].[InvoiceDetails] ([ID], [Invoice], [ProductID], [Quantity], [Price], [Cost], [KitchenConfirm], [KitchenDone], [UserOrder], [UserKitchenConfirm], [UserKitchenDone], [TimeConfirm], [TimeDone]) VALUES (179, 100, 3, 1, 20000.0000, 20000.0000, NULL, NULL, N'linh', N'linh', N'linh', CAST(0xA5030260 AS SmallDateTime), CAST(0xA5030260 AS SmallDateTime))
INSERT [dbo].[InvoiceDetails] ([ID], [Invoice], [ProductID], [Quantity], [Price], [Cost], [KitchenConfirm], [KitchenDone], [UserOrder], [UserKitchenConfirm], [UserKitchenDone], [TimeConfirm], [TimeDone]) VALUES (180, 101, 23, 1, 20000.0000, 20000.0000, NULL, NULL, N'linh', N'linh', N'linh', CAST(0xA5030323 AS SmallDateTime), CAST(0xA5030323 AS SmallDateTime))
INSERT [dbo].[InvoiceDetails] ([ID], [Invoice], [ProductID], [Quantity], [Price], [Cost], [KitchenConfirm], [KitchenDone], [UserOrder], [UserKitchenConfirm], [UserKitchenDone], [TimeConfirm], [TimeDone]) VALUES (181, 101, 5, 1, 20000.0000, 20000.0000, NULL, NULL, N'linh', N'linh', N'linh', CAST(0xA5030323 AS SmallDateTime), CAST(0xA5030323 AS SmallDateTime))
INSERT [dbo].[InvoiceDetails] ([ID], [Invoice], [ProductID], [Quantity], [Price], [Cost], [KitchenConfirm], [KitchenDone], [UserOrder], [UserKitchenConfirm], [UserKitchenDone], [TimeConfirm], [TimeDone]) VALUES (182, 102, 50, 3, 20000.0000, 60000.0000, NULL, NULL, N'linh', N'linh', N'linh', CAST(0xA50303D2 AS SmallDateTime), CAST(0xA50303D2 AS SmallDateTime))
INSERT [dbo].[InvoiceDetails] ([ID], [Invoice], [ProductID], [Quantity], [Price], [Cost], [KitchenConfirm], [KitchenDone], [UserOrder], [UserKitchenConfirm], [UserKitchenDone], [TimeConfirm], [TimeDone]) VALUES (183, 102, 51, 1, 20000.0000, 20000.0000, NULL, NULL, N'linh', N'linh', N'linh', CAST(0xA50303D2 AS SmallDateTime), CAST(0xA50303D2 AS SmallDateTime))
INSERT [dbo].[InvoiceDetails] ([ID], [Invoice], [ProductID], [Quantity], [Price], [Cost], [KitchenConfirm], [KitchenDone], [UserOrder], [UserKitchenConfirm], [UserKitchenDone], [TimeConfirm], [TimeDone]) VALUES (184, 102, 5, 2, 20000.0000, 40000.0000, NULL, NULL, N'linh', N'linh', N'linh', CAST(0xA50303D2 AS SmallDateTime), CAST(0xA50303D2 AS SmallDateTime))
INSERT [dbo].[InvoiceDetails] ([ID], [Invoice], [ProductID], [Quantity], [Price], [Cost], [KitchenConfirm], [KitchenDone], [UserOrder], [UserKitchenConfirm], [UserKitchenDone], [TimeConfirm], [TimeDone]) VALUES (185, 102, 3, 2, 20000.0000, 40000.0000, NULL, NULL, N'linh', N'linh', N'linh', CAST(0xA50303D2 AS SmallDateTime), CAST(0xA50303D2 AS SmallDateTime))
INSERT [dbo].[InvoiceDetails] ([ID], [Invoice], [ProductID], [Quantity], [Price], [Cost], [KitchenConfirm], [KitchenDone], [UserOrder], [UserKitchenConfirm], [UserKitchenDone], [TimeConfirm], [TimeDone]) VALUES (186, 102, 46, 1, 30000.0000, 30000.0000, NULL, NULL, N'linh', N'linh', N'linh', CAST(0xA50303D2 AS SmallDateTime), CAST(0xA50303D2 AS SmallDateTime))
INSERT [dbo].[InvoiceDetails] ([ID], [Invoice], [ProductID], [Quantity], [Price], [Cost], [KitchenConfirm], [KitchenDone], [UserOrder], [UserKitchenConfirm], [UserKitchenDone], [TimeConfirm], [TimeDone]) VALUES (187, 102, 30, 1, 20000.0000, 20000.0000, NULL, NULL, N'linh', N'linh', N'linh', CAST(0xA50303D2 AS SmallDateTime), CAST(0xA50303D2 AS SmallDateTime))
INSERT [dbo].[InvoiceDetails] ([ID], [Invoice], [ProductID], [Quantity], [Price], [Cost], [KitchenConfirm], [KitchenDone], [UserOrder], [UserKitchenConfirm], [UserKitchenDone], [TimeConfirm], [TimeDone]) VALUES (188, 103, 3, 1, 20000.0000, 20000.0000, NULL, NULL, N'linh', N'linh', N'linh', CAST(0xA50303E3 AS SmallDateTime), CAST(0xA50303E3 AS SmallDateTime))
INSERT [dbo].[InvoiceDetails] ([ID], [Invoice], [ProductID], [Quantity], [Price], [Cost], [KitchenConfirm], [KitchenDone], [UserOrder], [UserKitchenConfirm], [UserKitchenDone], [TimeConfirm], [TimeDone]) VALUES (189, 104, 52, 3, 20000.0000, 60000.0000, NULL, NULL, N'linh', N'linh', N'linh', CAST(0xA5030496 AS SmallDateTime), CAST(0xA5030496 AS SmallDateTime))
INSERT [dbo].[InvoiceDetails] ([ID], [Invoice], [ProductID], [Quantity], [Price], [Cost], [KitchenConfirm], [KitchenDone], [UserOrder], [UserKitchenConfirm], [UserKitchenDone], [TimeConfirm], [TimeDone]) VALUES (190, 105, 15, 1, 25000.0000, 25000.0000, NULL, NULL, N'linh', N'linh', N'linh', CAST(0xA5030321 AS SmallDateTime), CAST(0xA5030321 AS SmallDateTime))
INSERT [dbo].[InvoiceDetails] ([ID], [Invoice], [ProductID], [Quantity], [Price], [Cost], [KitchenConfirm], [KitchenDone], [UserOrder], [UserKitchenConfirm], [UserKitchenDone], [TimeConfirm], [TimeDone]) VALUES (191, 106, 7, 2, 20000.0000, 40000.0000, NULL, NULL, N'linh', N'linh', N'linh', CAST(0xA5030261 AS SmallDateTime), CAST(0xA5030261 AS SmallDateTime))
INSERT [dbo].[InvoiceDetails] ([ID], [Invoice], [ProductID], [Quantity], [Price], [Cost], [KitchenConfirm], [KitchenDone], [UserOrder], [UserKitchenConfirm], [UserKitchenDone], [TimeConfirm], [TimeDone]) VALUES (192, 107, 9, 4, 30000.0000, 120000.0000, NULL, NULL, N'huy', N'huy', N'huy', CAST(0xA50402E6 AS SmallDateTime), CAST(0xA50402E6 AS SmallDateTime))
INSERT [dbo].[InvoiceDetails] ([ID], [Invoice], [ProductID], [Quantity], [Price], [Cost], [KitchenConfirm], [KitchenDone], [UserOrder], [UserKitchenConfirm], [UserKitchenDone], [TimeConfirm], [TimeDone]) VALUES (193, 108, 22, 1, 28000.0000, 28000.0000, NULL, NULL, N'huy', N'huy', N'huy', CAST(0xA50402E7 AS SmallDateTime), CAST(0xA50402E7 AS SmallDateTime))
INSERT [dbo].[InvoiceDetails] ([ID], [Invoice], [ProductID], [Quantity], [Price], [Cost], [KitchenConfirm], [KitchenDone], [UserOrder], [UserKitchenConfirm], [UserKitchenDone], [TimeConfirm], [TimeDone]) VALUES (194, 109, 22, 2, 28000.0000, 56000.0000, NULL, NULL, N'linh', N'linh', N'linh', CAST(0xA5040377 AS SmallDateTime), CAST(0xA5040377 AS SmallDateTime))
INSERT [dbo].[InvoiceDetails] ([ID], [Invoice], [ProductID], [Quantity], [Price], [Cost], [KitchenConfirm], [KitchenDone], [UserOrder], [UserKitchenConfirm], [UserKitchenDone], [TimeConfirm], [TimeDone]) VALUES (195, 109, 3, 2, 20000.0000, 40000.0000, NULL, NULL, N'linh', N'linh', N'linh', CAST(0xA5040377 AS SmallDateTime), CAST(0xA5040377 AS SmallDateTime))
INSERT [dbo].[InvoiceDetails] ([ID], [Invoice], [ProductID], [Quantity], [Price], [Cost], [KitchenConfirm], [KitchenDone], [UserOrder], [UserKitchenConfirm], [UserKitchenDone], [TimeConfirm], [TimeDone]) VALUES (196, 110, 25, 1, 20000.0000, 20000.0000, NULL, NULL, N'linh', N'linh', N'linh', CAST(0xA504041D AS SmallDateTime), CAST(0xA504041D AS SmallDateTime))
INSERT [dbo].[InvoiceDetails] ([ID], [Invoice], [ProductID], [Quantity], [Price], [Cost], [KitchenConfirm], [KitchenDone], [UserOrder], [UserKitchenConfirm], [UserKitchenDone], [TimeConfirm], [TimeDone]) VALUES (197, 111, 56, 1, 25000.0000, 25000.0000, NULL, NULL, N'linh', N'linh', N'linh', CAST(0xA5040427 AS SmallDateTime), CAST(0xA5040427 AS SmallDateTime))
INSERT [dbo].[InvoiceDetails] ([ID], [Invoice], [ProductID], [Quantity], [Price], [Cost], [KitchenConfirm], [KitchenDone], [UserOrder], [UserKitchenConfirm], [UserKitchenDone], [TimeConfirm], [TimeDone]) VALUES (198, 112, 47, 1, 20000.0000, 20000.0000, NULL, NULL, N'linh', N'linh', N'linh', CAST(0xA5040428 AS SmallDateTime), CAST(0xA5040428 AS SmallDateTime))
INSERT [dbo].[InvoiceDetails] ([ID], [Invoice], [ProductID], [Quantity], [Price], [Cost], [KitchenConfirm], [KitchenDone], [UserOrder], [UserKitchenConfirm], [UserKitchenDone], [TimeConfirm], [TimeDone]) VALUES (199, 112, 52, 1, 20000.0000, 20000.0000, NULL, NULL, N'linh', N'linh', N'linh', CAST(0xA5040428 AS SmallDateTime), CAST(0xA5040428 AS SmallDateTime))
SET IDENTITY_INSERT [dbo].[InvoiceDetails] OFF
/****** Object:  Default [DF_Products_Enable]    Script Date: 09/09/2015 20:49:30 ******/
ALTER TABLE [dbo].[Products] ADD  CONSTRAINT [DF_Products_Enable]  DEFAULT ((1)) FOR [Enable]
GO
/****** Object:  ForeignKey [FK_Areas_SalesPoint]    Script Date: 09/09/2015 20:49:30 ******/
ALTER TABLE [dbo].[Areas]  WITH CHECK ADD  CONSTRAINT [FK_Areas_SalesPoint] FOREIGN KEY([SalePoint])
REFERENCES [dbo].[SalePoints] ([ID])
GO
ALTER TABLE [dbo].[Areas] CHECK CONSTRAINT [FK_Areas_SalesPoint]
GO
/****** Object:  ForeignKey [FK_CoffeeTables_Areas]    Script Date: 09/09/2015 20:49:30 ******/
ALTER TABLE [dbo].[CoffeeTables]  WITH CHECK ADD  CONSTRAINT [FK_CoffeeTables_Areas] FOREIGN KEY([Areas])
REFERENCES [dbo].[Areas] ([ID])
GO
ALTER TABLE [dbo].[CoffeeTables] CHECK CONSTRAINT [FK_CoffeeTables_Areas]
GO
/****** Object:  ForeignKey [FK_ImportDetails_Products]    Script Date: 09/09/2015 20:49:30 ******/
ALTER TABLE [dbo].[ImportDetails]  WITH CHECK ADD  CONSTRAINT [FK_ImportDetails_Products] FOREIGN KEY([ProductID])
REFERENCES [dbo].[Products] ([ID])
GO
ALTER TABLE [dbo].[ImportDetails] CHECK CONSTRAINT [FK_ImportDetails_Products]
GO
/****** Object:  ForeignKey [Invoices_InvoiceDetails]    Script Date: 09/09/2015 20:49:30 ******/
ALTER TABLE [dbo].[InvoiceDetails]  WITH CHECK ADD  CONSTRAINT [Invoices_InvoiceDetails] FOREIGN KEY([Invoice])
REFERENCES [dbo].[Invoices] ([ID])
ON UPDATE CASCADE
ON DELETE CASCADE
GO
ALTER TABLE [dbo].[InvoiceDetails] CHECK CONSTRAINT [Invoices_InvoiceDetails]
GO
/****** Object:  ForeignKey [Products_InvoiceDetails]    Script Date: 09/09/2015 20:49:30 ******/
ALTER TABLE [dbo].[InvoiceDetails]  WITH CHECK ADD  CONSTRAINT [Products_InvoiceDetails] FOREIGN KEY([ProductID])
REFERENCES [dbo].[Products] ([ID])
ON UPDATE CASCADE
ON DELETE CASCADE
GO
ALTER TABLE [dbo].[InvoiceDetails] CHECK CONSTRAINT [Products_InvoiceDetails]
GO
/****** Object:  ForeignKey [FK_Invoices_CoffeeTables]    Script Date: 09/09/2015 20:49:30 ******/
ALTER TABLE [dbo].[Invoices]  WITH CHECK ADD  CONSTRAINT [FK_Invoices_CoffeeTables] FOREIGN KEY([TableID])
REFERENCES [dbo].[CoffeeTables] ([ID])
GO
ALTER TABLE [dbo].[Invoices] CHECK CONSTRAINT [FK_Invoices_CoffeeTables]
GO
/****** Object:  ForeignKey [FK_Order_CoffeeTbl]    Script Date: 09/09/2015 20:49:30 ******/
ALTER TABLE [dbo].[Ordering]  WITH CHECK ADD  CONSTRAINT [FK_Order_CoffeeTbl] FOREIGN KEY([TableID])
REFERENCES [dbo].[CoffeeTables] ([ID])
GO
ALTER TABLE [dbo].[Ordering] CHECK CONSTRAINT [FK_Order_CoffeeTbl]
GO
/****** Object:  ForeignKey [FK_Order_Product]    Script Date: 09/09/2015 20:49:30 ******/
ALTER TABLE [dbo].[Ordering]  WITH CHECK ADD  CONSTRAINT [FK_Order_Product] FOREIGN KEY([ProductID])
REFERENCES [dbo].[Products] ([ID])
GO
ALTER TABLE [dbo].[Ordering] CHECK CONSTRAINT [FK_Order_Product]
GO
/****** Object:  ForeignKey [ProductCat_Products]    Script Date: 09/09/2015 20:49:30 ******/
ALTER TABLE [dbo].[Products]  WITH CHECK ADD  CONSTRAINT [ProductCat_Products] FOREIGN KEY([Category])
REFERENCES [dbo].[ProductCat] ([ID])
ON UPDATE CASCADE
ON DELETE CASCADE
GO
ALTER TABLE [dbo].[Products] CHECK CONSTRAINT [ProductCat_Products]
GO
/****** Object:  ForeignKey [FK_SalePoints_Restaurant]    Script Date: 09/09/2015 20:49:30 ******/
ALTER TABLE [dbo].[SalePoints]  WITH CHECK ADD  CONSTRAINT [FK_SalePoints_Restaurant] FOREIGN KEY([RestaurantID])
REFERENCES [dbo].[Restaurant] ([ID])
GO
ALTER TABLE [dbo].[SalePoints] CHECK CONSTRAINT [FK_SalePoints_Restaurant]
GO
/****** Object:  ForeignKey [FK_Stores_Products]    Script Date: 09/09/2015 20:49:30 ******/
ALTER TABLE [dbo].[Stores]  WITH CHECK ADD  CONSTRAINT [FK_Stores_Products] FOREIGN KEY([ProductID])
REFERENCES [dbo].[Products] ([ID])
GO
ALTER TABLE [dbo].[Stores] CHECK CONSTRAINT [FK_Stores_Products]
GO
