
-- --------------------------------------------------------

--
-- Table structure for table `ban`
--

CREATE TABLE IF NOT EXISTS `ban` (
  `maban` varchar(10) NOT NULL,
  `tenban` varchar(100) NOT NULL,
  `makhuvuc` varchar(10) NOT NULL,
  `cokhach` tinyint(1) NOT NULL DEFAULT '0',
  `ghichu` varchar(100) NOT NULL
) ENGINE=InnoDB DEFAULT CHARSET=latin1;

--
-- Dumping data for table `ban`
--

INSERT INTO `ban` (`maban`, `tenban`, `makhuvuc`, `cokhach`, `ghichu`) VALUES
('011132015', '01', 'B1032015', 0, ''),
('021132015', '02', 'B1032015', 0, ''),
('031132015', '03', 'B1032015', 0, ''),
('041132015', '04', 'B1032015', 0, ''),
('051132015', '05', 'B1032015', 0, ''),
('061132015', '06', 'B1032015', 0, ''),
('071132015', '07', 'B1032015', 0, ''),
('081132015', '08', 'C1032015', 0, ' '),
('091132015', '09', 'C1032015', 0, ''),
('101132015', '10', 'C1032015', 0, ''),
('121132015', '12', 'C1032015', 0, ''),
('131132015', '13', 'C1032015', 0, ''),
('141132015', '14', 'C1032015', 0, ''),
('151132015', '15', 'C1032015', 0, ''),
('161132015', '16', 'C1032015', 0, ''),
('171132015', '17', 'B1032015', 0, ''),
('181132015', '18', 'B1032015', 0, ''),
('191132015', '19', 'B1032015', 0, ''),
('201132015', '20', 'B1032015', 0, ''),
('211132015', '21', 'B1032015', 0, ''),
('221132015', '22', 'B1032015', 0, ''),
('231132015', '23', 'B1032015', 0, ''),
('241132015', '24', 'B1032015', 0, ''),
('251132015', '25', 'B1032015', 0, ''),
('261132015', '26', 'B1032015', 0, ''),
('271132015', '27', 'B1032015', 0, ''),
('281132015', '28', 'B1032015', 0, ''),
('291132015', '29', 'B1032015', 0, ''),
('301132015', '30', 'B1032015', 0, ''),
('311132015', '31', 'B1032015', 0, ''),
('321132015', '32', 'B1032015', 0, ''),
('331132015', '33', 'B1032015', 0, ''),
('341132015', '34', 'B1032015', 0, ''),
('351132015', '35', 'B1032015', 0, ''),
('361132015', '36', 'B1032015', 0, ''),
('371132015', '37', 'B1032015', 0, ''),
('401132015', '40', 'C1032015', 0, ''),
('411132015', '41', 'C1032015', 0, ''),
('421132015', '42', 'C1032015', 0, ''),
('431132015', '43', 'C1032015', 0, ''),
('441132015', '44', 'C1032015', 0, ''),
('451132015', '45', 'C1032015', 0, ''),
('461132015', '46', 'C1032015', 0, ''),
('471132015', '47', 'C1032015', 0, ''),
('481132015', '48', 'C1032015', 0, ''),
('491132015', '49', 'C1032015', 0, ''),
('501132015', '50', 'C1032015', 0, ''),
('511132015', '51', 'C1032015', 0, ''),
('521132015', '52', 'C1032015', 0, ''),
('531132015', '53', 'C1032015', 0, ''),
('541132015', '54', 'C1032015', 0, ''),
('551132015', '55', 'C1032015', 0, ''),
('561132015', '56', 'C1032015', 0, ''),
('571132015', '57', 'C1032015', 0, ''),
('581132015', '58', 'C1032015', 0, ''),
('B591032015', 'BAN 59', 'C1032015', 0, ''),
('B61032015', 'BAN 60', 'C1032015', 0, ''),
('HODE113201', 'hoang de', 'B1032015', 0, ' '),
('NH1132015', 'nhat', 'B1032015', 0, '');

-- --------------------------------------------------------

--
-- Table structure for table `chitiethoadon`
--

CREATE TABLE IF NOT EXISTS `chitiethoadon` (
  `thoigian` datetime NOT NULL,
  `maban` varchar(100) NOT NULL,
  `mamon` varchar(100) NOT NULL,
  `soluong` int(11) NOT NULL,
  `bepxacnhan` tinyint(1) NOT NULL,
  `bepdalam` tinyint(1) NOT NULL,
  `dongia` int(11) NOT NULL,
  `sohoadon` varchar(100) NOT NULL,
  `nvorder` varchar(100) NOT NULL,
  `nvbepxacnhan` varchar(100) NOT NULL,
  `nvbepdalam` varchar(100) NOT NULL,
  `thoigianbepxacnhan` datetime NOT NULL,
  `thoigianbepdalam` datetime NOT NULL
) ENGINE=InnoDB DEFAULT CHARSET=latin1;

--
-- Dumping data for table `chitiethoadon`
--

INSERT INTO `chitiethoadon` (`thoigian`, `maban`, `mamon`, `soluong`, `bepxacnhan`, `bepdalam`, `dongia`, `sohoadon`, `nvorder`, `nvbepxacnhan`, `nvbepdalam`, `thoigianbepxacnhan`, `thoigianbepdalam`) VALUES
('2015-03-06 08:50:59', '011132015', 'BI33113201', 5, 0, 0, 16000, '01113201506-03-2015 08:51:04', 'admin', '', '', '0000-00-00 00:00:00', '0000-00-00 00:00:00'),
('2015-03-06 08:50:59', '011132015', 'CFBOKO1132', 5, 0, 0, 120000, '01113201506-03-2015 08:51:04', 'admin', '', '', '0000-00-00 00:00:00', '0000-00-00 00:00:00'),
('2015-03-06 08:55:08', '181132015', '5J1132015', 1, 0, 0, 9000, '18113201506-03-2015 08:55:13', 'admin', '', '', '0000-00-00 00:00:00', '0000-00-00 00:00:00'),
('2015-03-06 08:55:54', '191132015', '1JE1132015', 1, 0, 0, 1800, '19113201506-03-2015 08:56:02', 'admin', '', '', '0000-00-00 00:00:00', '0000-00-00 00:00:00'),
('2015-03-06 09:11:54', '241132015', 'BI33113201', 7, 0, 0, 16000, '24113201506-03-2015 09:12:06', 'thungan', '', '', '0000-00-00 00:00:00', '0000-00-00 00:00:00'),
('2015-03-10 17:13:57', 'B591032015', 'CS1032015', 4, 1, 0, 12000, 'B59103201510-03-2015 11:25:00', 'AN', 'admin', '', '2015-03-10 17:23:58', '0000-00-00 00:00:00'),
('2015-03-10 17:23:15', 'B61032015', 'CD1032015', 1, 1, 0, 12000, 'B6103201511-03-2015 04:51:40', 'AN', 'AN', '', '2015-03-11 10:28:29', '0000-00-00 00:00:00'),
('2015-03-10 17:23:15', 'B61032015', 'CS1032015', 1, 1, 0, 12000, 'B6103201511-03-2015 04:51:40', 'AN', 'AN', '', '2015-03-11 10:28:25', '0000-00-00 00:00:00'),
('2015-03-10 17:24:38', 'B591032015', 'CD1032015', 5, 0, 0, 12000, 'B59103201510-03-2015 11:25:00', 'admin', '', '', '0000-00-00 00:00:00', '0000-00-00 00:00:00'),
('2015-03-10 17:25:28', 'B61032015', 'CS1032015', 5, 1, 0, 12000, 'B6103201511-03-2015 04:51:40', 'admin', 'AN', '', '2015-03-11 10:28:32', '0000-00-00 00:00:00'),
('2015-03-10 17:34:51', 'B591032015', 'CS1032015', 1, 1, 0, 12000, 'B59103201511-03-2015 04:51:34', 'AN', 'admin', '', '2015-03-10 17:35:04', '0000-00-00 00:00:00'),
('2015-03-10 18:32:24', 'B11032015', 'CSDN103201', 1, 1, 0, 12000, 'B1103201511-03-2015 04:34:27', 'AN', 'AN', '', '2015-03-11 10:28:19', '0000-00-00 00:00:00'),
('2015-03-11 10:30:24', 'B01032015', 'STC1032015', 1, 1, 0, 32000, 'B0103201511-03-2015 04:34:10', 'AN', 'AN', '', '2015-03-11 10:32:24', '0000-00-00 00:00:00'),
('2015-03-11 10:30:24', 'B01032015', 'STCC103201', 1, 1, 0, 25000, 'B0103201511-03-2015 04:34:10', 'AN', 'AN', '', '2015-03-11 10:32:22', '0000-00-00 00:00:00'),
('2015-03-11 10:30:24', 'B01032015', 'STDH103201', 1, 1, 0, 25000, 'B0103201511-03-2015 04:34:10', 'AN', 'AN', '', '2015-03-11 10:32:16', '0000-00-00 00:00:00'),
('2015-03-11 10:34:53', 'B11032015', 'CSN1032015', 5, 0, 0, 12000, 'B1103201511-03-2015 04:51:04', 'admin', '', '', '0000-00-00 00:00:00', '0000-00-00 00:00:00'),
('2015-03-11 10:35:25', 'B11032015', 'STD1032015', 2, 0, 0, 35000, 'B1103201511-03-2015 04:51:04', 'admin', '', '', '0000-00-00 00:00:00', '0000-00-00 00:00:00'),
('2015-03-11 10:36:20', 'B11032015', 'H1032015', 1, 1, 0, 25000, 'B1103201511-03-2015 04:51:04', 'admin', 'AN', '', '2015-03-11 10:40:46', '0000-00-00 00:00:00'),
('2015-03-11 10:52:00', 'B11032015', 'DT1032015', 1, 1, 0, 22000, 'B1103201511-03-2015 04:52:38', 'AN', 'AN', '', '2015-03-11 10:52:13', '0000-00-00 00:00:00'),
('2015-03-11 10:52:00', 'B11032015', 'HD1032015', 1, 1, 0, 5000, 'B1103201511-03-2015 04:52:38', 'AN', 'AN', '', '2015-03-11 10:52:24', '0000-00-00 00:00:00'),
('2015-03-11 10:52:00', 'B11032015', 'KTD1032015', 1, 1, 0, 45000, 'B1103201511-03-2015 04:52:38', 'AN', 'AN', '', '2015-03-11 10:52:10', '0000-00-00 00:00:00'),
('2015-03-11 10:53:04', 'B591032015', 'CD1032015', 1, 1, 0, 12000, 'B59103201511-03-2015 04:53:59', 'AN', 'AN', '', '2015-03-11 10:53:10', '0000-00-00 00:00:00'),
('2015-03-11 10:53:04', 'B591032015', 'CSDN103201', 1, 0, 0, 12000, 'B59103201511-03-2015 04:53:59', 'AN', '', '', '0000-00-00 00:00:00', '0000-00-00 00:00:00'),
('2015-03-11 10:56:57', 'B11032015', 'CD1032015', 1, 1, 0, 12000, 'B1103201511-03-2015 04:59:43', 'admin', 'admin', '', '2015-03-11 10:57:13', '0000-00-00 00:00:00'),
('2015-03-11 10:56:57', 'B11032015', 'CSD1032015', 1, 0, 0, 12000, 'B1103201511-03-2015 04:59:43', 'admin', '', '', '0000-00-00 00:00:00', '0000-00-00 00:00:00'),
('2015-03-11 12:31:31', 'B01032015', 'CSD1032015', 2, 1, 0, 12000, 'B0103201511-03-2015 07:08:27', 'AN', 'admin', '', '2015-03-11 13:01:04', '0000-00-00 00:00:00'),
('2015-03-11 12:31:31', 'B01032015', 'CSDD103201', 1, 0, 0, 12000, 'B0103201511-03-2015 07:08:27', 'AN', '', '', '0000-00-00 00:00:00', '0000-00-00 00:00:00'),
('2015-03-11 12:31:31', 'B01032015', 'CSN1032015', 3, 0, 0, 12000, 'B0103201511-03-2015 07:08:27', 'AN', '', '', '0000-00-00 00:00:00', '0000-00-00 00:00:00'),
('2015-03-11 13:01:52', 'B11032015', 'NCN1032015', 2, 1, 0, 16000, 'B1103201511-03-2015 07:05:14', 'admin', 'admin', '', '2015-03-11 13:02:06', '0000-00-00 00:00:00'),
('2015-03-11 13:01:52', 'B11032015', 'NETC103201', 1, 1, 0, 32000, 'B1103201511-03-2015 07:05:14', 'admin', 'admin', '', '2015-03-11 13:02:10', '0000-00-00 00:00:00'),
('2015-03-11 13:01:52', 'B11032015', 'NS1032015', 1, 1, 0, 10000, 'B1103201511-03-2015 07:05:14', 'admin', 'admin', '', '2015-03-11 13:02:21', '0000-00-00 00:00:00'),
('2015-03-11 13:06:21', 'B591032015', 'CSDN103201', 1, 1, 0, 12000, 'B59103201511-03-2015 07:08:07', 'AN', 'AN', '', '2015-03-11 13:07:09', '0000-00-00 00:00:00'),
('2015-03-11 13:06:21', 'B591032015', 'CSNN103201', 1, 1, 0, 12000, 'B59103201511-03-2015 07:08:07', 'AN', 'AN', '', '2015-03-11 13:07:08', '0000-00-00 00:00:00'),
('2015-03-11 13:43:53', 'B01032015', 'BAXINO1132', 1, 1, 0, 18000, 'B0103201511-03-2015 14:52:27', 'AN', 'admin', '', '2015-03-11 20:52:01', '0000-00-00 00:00:00'),
('2015-03-11 13:51:30', 'B11032015', 'CAEP113201', 1, 1, 0, 35000, 'B1103201511-03-2015 14:52:21', 'AN', 'admin', '', '2015-03-11 20:52:06', '0000-00-00 00:00:00'),
('2015-03-11 13:51:30', 'B11032015', 'CAVA113201', 1, 1, 0, 30000, 'B1103201511-03-2015 14:52:21', 'AN', 'admin', '', '2015-03-11 20:52:02', '0000-00-00 00:00:00'),
('2015-03-11 13:51:30', 'B11032015', 'NUCHDA1132', 1, 1, 0, 18000, 'B1103201511-03-2015 14:52:21', 'AN', 'admin', '', '2015-03-11 20:52:08', '0000-00-00 00:00:00'),
('2015-03-11 20:50:58', 'B61032015', 'CFDEDA1132', 2, 1, 0, 12000, 'B6103201511-03-2015 14:51:53', 'AN', 'admin', '', '2015-03-11 20:51:17', '0000-00-00 00:00:00'),
('2015-03-11 20:50:58', 'B61032015', 'CFSUNO1132', 1, 1, 0, 12000, 'B6103201511-03-2015 14:51:53', 'AN', 'admin', '', '2015-03-11 20:51:19', '0000-00-00 00:00:00'),
('2015-03-11 20:56:16', 'B61032015', 'NUEPCACH11', 1, 1, 0, 25000, 'B6103201511-03-2015 14:56:34', 'AN', 'AN', '', '2015-03-11 20:56:31', '0000-00-00 00:00:00'),
('2015-03-11 21:46:53', 'B61032015', 'CFBOKO1132', 1, 1, 0, 120000, 'B6103201511-03-2015 15:47:49', 'AN', 'AN', '', '2015-03-11 21:47:10', '0000-00-00 00:00:00'),
('2015-03-11 21:46:53', 'B61032015', 'CFDEDA1132', 1, 1, 0, 12000, 'B6103201511-03-2015 15:47:49', 'AN', 'AN', '', '2015-03-11 21:47:11', '0000-00-00 00:00:00'),
('2015-03-11 21:46:53', 'B61032015', 'CFDEDADA11', 1, 1, 0, 12000, 'B6103201511-03-2015 15:47:49', 'AN', 'AN', '', '2015-03-11 21:47:12', '0000-00-00 00:00:00'),
('2015-03-11 21:46:53', 'B61032015', 'CFDEDANG11', 1, 1, 0, 12000, 'B6103201511-03-2015 15:47:49', 'AN', 'AN', '', '2015-03-11 21:47:24', '0000-00-00 00:00:00'),
('2015-03-11 21:46:53', 'B61032015', 'CFSUDA1132', 3, 1, 0, 12000, 'B6103201511-03-2015 15:47:49', 'AN', 'AN', '', '2015-03-11 21:47:15', '0000-00-00 00:00:00'),
('2015-03-11 21:48:19', 'B591032015', 'SITOBO1132', 1, 1, 0, 28000, 'B59103201511-03-2015 15:50:37', 'AN', 'AN', '', '2015-03-11 21:49:44', '0000-00-00 00:00:00'),
('2015-03-11 21:48:19', 'B591032015', 'SITOCA1132', 1, 1, 0, 32000, 'B59103201511-03-2015 15:50:37', 'AN', 'AN', '', '2015-03-11 21:49:45', '0000-00-00 00:00:00'),
('2015-03-11 21:48:19', 'B591032015', 'SITOCACH11', 1, 1, 0, 25000, 'B59103201511-03-2015 15:50:37', 'AN', 'AN', '', '2015-03-11 21:49:47', '0000-00-00 00:00:00'),
('2015-03-11 22:18:05', 'B11032015', 'CFDEDA1132', 2, 1, 0, 12000, 'B1103201512-03-2015 06:49:10', 'AN', 'AN', '', '2015-03-11 22:18:39', '0000-00-00 00:00:00'),
('2015-03-12 23:48:31', '011132015', 'BAXIDA1132', 5, 0, 0, 20000, '01113201512-03-2015 23:48:41', 'admin', '', '', '0000-00-00 00:00:00', '0000-00-00 00:00:00'),
('2015-03-12 23:49:24', '021132015', 'KEBAHA1132', 3, 0, 0, 28000, '02113201513-03-2015 00:00:17', 'admin', '', '', '0000-00-00 00:00:00', '0000-00-00 00:00:00'),
('2015-03-12 23:57:35', '031132015', 'KEBAHA1132', 3, 1, 0, 28000, '03113201513-03-2015 10:24:16', 'admin', 'admin', '', '2015-03-13 00:01:07', '0000-00-00 00:00:00'),
('2015-03-12 23:57:35', '031132015', 'KEBOMU1132', 3, 1, 0, 28000, '03113201513-03-2015 10:24:16', 'admin', 'admin', '', '2015-03-13 00:01:07', '0000-00-00 00:00:00'),
('2015-03-12 23:57:35', '031132015', 'KECACA1132', 3, 1, 0, 28000, '03113201513-03-2015 10:24:16', 'admin', 'admin', '', '2015-03-13 00:01:07', '0000-00-00 00:00:00'),
('2015-03-12 23:58:19', '071132015', 'BAXIDA1132', 7, 1, 0, 20000, '07113201513-03-2015 10:20:49', 'admin', 'admin', '', '2015-03-13 00:01:04', '0000-00-00 00:00:00'),
('2015-03-13 10:27:29', '021132015', 'BAXIDA1132', 5, 0, 0, 20000, '02113201513-03-2015 10:28:20', 'admin', '', '', '0000-00-00 00:00:00', '0000-00-00 00:00:00'),
('2015-03-13 10:28:09', '021132015', 'HADU113201', 10, 0, 0, 5000, '02113201513-03-2015 10:28:20', 'admin', '', '', '0000-00-00 00:00:00', '0000-00-00 00:00:00'),
('2015-03-13 10:29:40', '011132015', 'DUTU113201', 1, 0, 0, 22000, '01113201513-03-2015 10:31:43', 'admin', '', '', '0000-00-00 00:00:00', '0000-00-00 00:00:00'),
('2015-03-13 10:32:45', '021132015', 'DUTU113201', 5, 0, 0, 22000, '02113201513-03-2015 10:38:28', 'admin', '', '', '0000-00-00 00:00:00', '0000-00-00 00:00:00'),
('2015-03-13 10:38:53', '021132015', 'BAXIDA1132', 1, 0, 0, 20000, '02113201513-03-2015 11:33:40', 'admin', '', '', '0000-00-00 00:00:00', '0000-00-00 00:00:00'),
('2015-03-13 11:33:56', '011132015', 'KEBAHA1132', 1, 0, 0, 28000, '01113201513-03-2015 11:38:10', 'admin', '', '', '0000-00-00 00:00:00', '0000-00-00 00:00:00'),
('2015-03-13 11:33:56', '011132015', 'KEBOMU1132', 1, 0, 0, 28000, '01113201513-03-2015 11:38:10', 'admin', '', '', '0000-00-00 00:00:00', '0000-00-00 00:00:00'),
('2015-03-13 11:33:56', '011132015', 'KESARI1132', 1, 0, 0, 28000, '01113201513-03-2015 11:38:10', 'admin', '', '', '0000-00-00 00:00:00', '0000-00-00 00:00:00'),
('2015-03-13 14:41:37', '071132015', 'BAXIDA1132', 1, 0, 0, 20000, '07113201513-03-2015 14:41:49', 'admin', '', '', '0000-00-00 00:00:00', '0000-00-00 00:00:00'),
('2015-03-13 14:41:37', '071132015', 'BAXINO1132', 1, 0, 0, 18000, '07113201513-03-2015 14:41:49', 'admin', '', '', '0000-00-00 00:00:00', '0000-00-00 00:00:00'),
('2015-03-13 20:33:10', '011132015', 'BAXIDA1132', 1, 0, 0, 20000, '01113201513-03-2015 20:49:41', 'admin', '', '', '0000-00-00 00:00:00', '0000-00-00 00:00:00'),
('2015-03-13 20:33:39', '011132015', 'SITOBO1132', 2, 0, 0, 28000, '01113201513-03-2015 20:49:41', 'admin', '', '', '0000-00-00 00:00:00', '0000-00-00 00:00:00'),
('2015-03-13 20:53:23', '031132015', 'CAEP113201', 1, 0, 0, 35000, '03113201513-03-2015 20:53:45', 'admin', '', '', '0000-00-00 00:00:00', '0000-00-00 00:00:00'),
('2015-03-13 20:54:51', '031132015', '7UP1132015', 1, 0, 0, 16000, '03113201513-03-2015 21:00:42', 'admin', '', '', '0000-00-00 00:00:00', '0000-00-00 00:00:00'),
('2015-03-13 20:56:31', '031132015', '7UP1132015', 3, 0, 0, 16000, '03113201513-03-2015 21:00:42', 'admin', '', '', '0000-00-00 00:00:00', '0000-00-00 00:00:00'),
('2015-03-13 20:56:31', '031132015', 'BI33113201', 3, 0, 0, 16000, '03113201513-03-2015 21:00:42', 'admin', '', '', '0000-00-00 00:00:00', '0000-00-00 00:00:00'),
('2015-03-13 21:01:01', '011132015', 'NUEPCACH11', 1, 0, 0, 25000, '01113201513-03-2015 21:04:01', 'admin', '', '', '0000-00-00 00:00:00', '0000-00-00 00:00:00'),
('2015-03-13 21:01:16', '011132015', 'CAEP113201', 2, 0, 0, 35000, '01113201513-03-2015 21:04:01', 'admin', '', '', '0000-00-00 00:00:00', '0000-00-00 00:00:00'),
('2015-03-13 21:01:16', '011132015', 'CHDADA1132', 2, 0, 0, 20000, '01113201513-03-2015 21:04:01', 'admin', '', '', '0000-00-00 00:00:00', '0000-00-00 00:00:00'),
('2015-03-13 21:02:42', '011132015', 'NUEPCACH11', 3, 0, 0, 25000, '01113201513-03-2015 21:04:01', 'admin', '', '', '0000-00-00 00:00:00', '0000-00-00 00:00:00'),
('2015-03-13 21:09:32', '041132015', 'SUBO113201', 5, 0, 0, 5000, '04113201513-03-2015 21:17:43', 'admin', '', '', '0000-00-00 00:00:00', '0000-00-00 00:00:00'),
('2015-03-13 21:11:26', '041132015', 'CAEP113201', 3, 0, 0, 35000, '04113201513-03-2015 21:17:43', 'admin', '', '', '0000-00-00 00:00:00', '0000-00-00 00:00:00'),
('2015-03-13 21:18:00', '231132015', 'NUEPCACH11', 5, 1, 0, 25000, '23113201513-03-2015 21:20:28', 'admin', 'admin', '', '2015-03-13 21:18:36', '0000-00-00 00:00:00'),
('2015-03-13 21:18:10', '231132015', 'SITOBO1132', 1, 0, 0, 28000, '23113201513-03-2015 21:20:28', 'admin', '', '', '0000-00-00 00:00:00', '0000-00-00 00:00:00'),
('2015-03-13 21:18:20', '231132015', '7UP1132015', 1, 0, 0, 16000, '23113201513-03-2015 21:20:28', 'admin', '', '', '0000-00-00 00:00:00', '0000-00-00 00:00:00'),
('2015-03-13 21:35:15', '401132015', 'CFKE113201', 1, 1, 0, 18000, '40113201514-03-2015 09:22:16', 'admin', 'admin', '', '2015-03-14 00:51:51', '0000-00-00 00:00:00'),
('2015-03-13 21:35:15', '401132015', 'KECACA1132', 1, 1, 0, 28000, '40113201514-03-2015 09:22:16', 'admin', 'admin', '', '2015-03-14 00:51:51', '0000-00-00 00:00:00'),
('2015-03-13 21:35:15', '401132015', 'NUEPCAVACA', 1, 1, 0, 28000, '40113201514-03-2015 09:22:16', 'admin', 'admin', '', '2015-03-14 00:51:51', '0000-00-00 00:00:00'),
('2015-03-13 21:37:55', '321132015', 'CHDADA1132', 5, 1, 0, 20000, '32113201514-03-2015 09:28:06', 'admin', 'admin', '', '2015-03-13 21:40:46', '0000-00-00 00:00:00'),
('2015-03-13 21:37:55', '321132015', 'HE1132015', 1, 1, 0, 25000, '32113201514-03-2015 09:28:06', 'admin', 'admin', '', '2015-03-13 21:40:46', '0000-00-00 00:00:00'),
('2015-03-13 21:37:55', '321132015', 'KETRCA1132', 1, 1, 0, 32000, '32113201514-03-2015 09:28:06', 'admin', 'admin', '', '2015-03-13 21:40:46', '0000-00-00 00:00:00'),
('2015-03-13 21:37:55', '321132015', 'KETRDU1132', 3, 1, 0, 45000, '32113201514-03-2015 09:28:06', 'admin', 'admin', '', '2015-03-13 21:40:46', '0000-00-00 00:00:00'),
('2015-03-13 21:37:55', '321132015', 'SUTU113201', 10, 1, 0, 16000, '32113201514-03-2015 09:28:06', 'admin', 'admin', '', '2015-03-13 21:40:46', '0000-00-00 00:00:00'),
('2015-03-13 21:39:14', '011132015', 'CFSUDANG11', 6, 0, 0, 12000, '01113201513-03-2015 21:43:54', 'admin', '', '', '0000-00-00 00:00:00', '0000-00-00 00:00:00'),
('2015-03-13 21:39:14', '011132015', 'CFSUNO1132', 5, 0, 0, 12000, '01113201513-03-2015 21:43:54', 'admin', '', '', '0000-00-00 00:00:00', '0000-00-00 00:00:00'),
('2015-03-13 21:39:14', '011132015', 'CHMUDA1132', 1, 0, 0, 19000, '01113201513-03-2015 21:43:54', 'admin', '', '', '0000-00-00 00:00:00', '0000-00-00 00:00:00'),
('2015-03-13 21:39:14', '011132015', 'CHXIMUDA11', 9, 0, 0, 19000, '01113201513-03-2015 21:43:54', 'admin', '', '', '0000-00-00 00:00:00', '0000-00-00 00:00:00'),
('2015-03-13 21:40:00', '221132015', 'SITOCA1132', 5, 1, 0, 32000, '22113201514-03-2015 09:26:28', 'admin', 'admin', '', '2015-03-13 21:40:52', '0000-00-00 00:00:00'),
('2015-03-13 21:40:00', '221132015', 'SITODADU11', 8, 1, 0, 40000, '22113201514-03-2015 09:26:28', 'admin', 'admin', '', '2015-03-13 21:40:52', '0000-00-00 00:00:00'),
('2015-03-13 21:40:00', '221132015', 'SITODAYA11', 5, 1, 0, 40000, '22113201514-03-2015 09:26:28', 'admin', 'admin', '', '2015-03-13 21:40:52', '0000-00-00 00:00:00'),
('2015-03-13 21:40:47', '011132015', 'SUNUSOCOCA', 6, 0, 0, 16000, '01113201514-03-2015 09:28:48', 'admin', '', '', '0000-00-00 00:00:00', '0000-00-00 00:00:00'),
('2015-03-13 21:40:47', '011132015', 'YAHU113201', 22, 0, 0, 12000, '01113201514-03-2015 09:28:48', 'admin', '', '', '0000-00-00 00:00:00', '0000-00-00 00:00:00'),
('2015-03-13 21:52:18', '481132015', 'KEBOMU1132', 1, 1, 0, 28000, '48113201514-03-2015 09:29:06', 'admin', 'admin', '', '2015-03-14 00:51:35', '0000-00-00 00:00:00'),
('2015-03-13 21:52:18', '481132015', 'KECH113201', 6, 1, 0, 28000, '48113201514-03-2015 09:29:06', 'admin', 'admin', '', '2015-03-14 00:51:35', '0000-00-00 00:00:00'),
('2015-03-13 21:52:18', '481132015', 'SITOCA1132', 1, 1, 0, 32000, '48113201514-03-2015 09:29:06', 'admin', 'admin', '', '2015-03-14 00:51:35', '0000-00-00 00:00:00'),
('2015-03-13 21:55:01', '201132015', 'LINO113201', 1, 0, 0, 16000, '20113201513-03-2015 21:56:16', 'admin', '', '', '0000-00-00 00:00:00', '0000-00-00 00:00:00'),
('2015-03-13 21:55:01', '201132015', 'TRCANO1132', 2, 0, 0, 16000, '20113201513-03-2015 21:56:16', 'admin', '', '', '0000-00-00 00:00:00', '0000-00-00 00:00:00'),
('2015-03-14 00:52:15', '061132015', 'BAXIDA1132', 1, 1, 0, 20000, '06113201514-03-2015 09:23:02', 'admin', 'admin', '', '2015-03-14 00:52:24', '0000-00-00 00:00:00'),
('2015-03-14 09:29:25', '091132015', '1NG1132015', 1, 0, 0, 1500, '09113201514-03-2015 09:30:07', 'admin', '', '', '0000-00-00 00:00:00', '0000-00-00 00:00:00'),
('2015-03-14 09:29:25', '091132015', '4NG1132015', 1, 0, 0, 1500, '09113201514-03-2015 09:30:07', 'admin', '', '', '0000-00-00 00:00:00', '0000-00-00 00:00:00'),
('2015-03-14 20:48:45', '011132015', '4NG1132015', 2, 0, 0, 1500, '01113201514-03-2015 20:49:58', 'admin', '', '', '0000-00-00 00:00:00', '0000-00-00 00:00:00'),
('2015-03-14 20:48:45', '011132015', 'BAXIDA1132', 1, 0, 0, 20000, '01113201514-03-2015 20:49:58', 'admin', '', '', '0000-00-00 00:00:00', '0000-00-00 00:00:00'),
('2015-03-14 20:48:45', '011132015', 'CFDEDA1132', 1, 0, 0, 12000, '01113201514-03-2015 20:49:58', 'admin', '', '', '0000-00-00 00:00:00', '0000-00-00 00:00:00'),
('2015-03-14 20:48:45', '011132015', 'CFSUDA1132', 1, 0, 0, 12000, '01113201514-03-2015 20:49:58', 'admin', '', '', '0000-00-00 00:00:00', '0000-00-00 00:00:00'),
('2015-03-14 20:48:45', '011132015', 'CFSUNO1132', 1, 0, 0, 12000, '01113201514-03-2015 20:49:58', 'admin', '', '', '0000-00-00 00:00:00', '0000-00-00 00:00:00'),
('2015-03-14 20:48:45', '011132015', 'HADU113201', 2, 0, 0, 5000, '01113201514-03-2015 20:49:58', 'admin', '', '', '0000-00-00 00:00:00', '0000-00-00 00:00:00'),
('2015-03-14 20:48:45', '011132015', 'SITOSA1132', 1, 0, 0, 25000, '01113201514-03-2015 20:49:58', 'admin', '', '', '0000-00-00 00:00:00', '0000-00-00 00:00:00'),
('2015-03-14 20:49:32', '011132015', 'CFDEDA1132', 1, 0, 0, 12000, '01113201514-03-2015 20:49:58', 'admin', '', '', '0000-00-00 00:00:00', '0000-00-00 00:00:00'),
('2015-03-14 20:49:32', '011132015', 'CFSUNO1132', 1, 0, 0, 12000, '01113201514-03-2015 20:49:58', 'admin', '', '', '0000-00-00 00:00:00', '0000-00-00 00:00:00'),
('2015-03-14 20:49:32', '011132015', 'HADU113201', 2, 0, 0, 5000, '01113201514-03-2015 20:49:58', 'admin', '', '', '0000-00-00 00:00:00', '0000-00-00 00:00:00'),
('2015-03-15 00:09:50', '021132015', '1NG1132015', 1, 0, 0, 1500, '02113201515-03-2015 00:53:48', 'admin', '', '', '0000-00-00 00:00:00', '0000-00-00 00:00:00'),
('2015-03-15 00:09:50', '021132015', '4NG1132015', 1, 0, 0, 1500, '02113201515-03-2015 00:53:48', 'admin', '', '', '0000-00-00 00:00:00', '0000-00-00 00:00:00'),
('2015-03-15 00:09:50', '021132015', 'KEBOMU1132', 2, 0, 0, 28000, '02113201515-03-2015 00:53:48', 'admin', '', '', '0000-00-00 00:00:00', '0000-00-00 00:00:00'),
('2015-03-15 00:53:59', '071132015', 'DUTU113201', 1, 0, 0, 22000, '07113201515-03-2015 01:10:45', 'admin', '', '', '0000-00-00 00:00:00', '0000-00-00 00:00:00'),
('2015-03-15 01:11:10', '011132015', 'KEBAHA1132', 1, 0, 0, 28000, '01113201515-03-2015 01:11:27', 'admin', '', '', '0000-00-00 00:00:00', '0000-00-00 00:00:00'),
('2015-03-15 01:15:21', '031132015', 'CAEP113201', 1, 0, 0, 35000, '03113201515-03-2015 01:15:29', 'admin', '', '', '0000-00-00 00:00:00', '0000-00-00 00:00:00'),
('2015-03-15 01:15:36', '031132015', 'KEBAHA1132', 1, 0, 0, 28000, '03113201515-03-2015 01:15:45', 'admin', '', '', '0000-00-00 00:00:00', '0000-00-00 00:00:00'),
('2015-03-15 09:11:01', '021132015', '1NG1132015', 1, 0, 0, 1500, '02113201515-03-2015 11:12:35', 'admin', '', '', '0000-00-00 00:00:00', '0000-00-00 00:00:00'),
('2015-03-15 09:11:01', '021132015', '20NG113201', 1, 0, 0, 1500, '02113201515-03-2015 11:12:35', 'admin', '', '', '0000-00-00 00:00:00', '0000-00-00 00:00:00'),
('2015-03-15 09:11:01', '021132015', '4NG1132015', 1, 0, 0, 1500, '02113201515-03-2015 11:12:35', 'admin', '', '', '0000-00-00 00:00:00', '0000-00-00 00:00:00'),
('2015-03-15 09:11:17', '221132015', '1NG1132015', 1, 0, 0, 1500, '22113201518-03-2015 15:45:32', 'admin', '', '', '0000-00-00 00:00:00', '0000-00-00 00:00:00'),
('2015-03-15 09:11:27', '041132015', 'CFKOSU1132', 1, 1, 0, 15000, '04113201520-03-2015 08:46:06', 'admin', 'admin', '', '2015-03-18 17:03:43', '0000-00-00 00:00:00'),
('2015-03-15 09:11:33', '171132015', 'BAXIDA1132', 1, 1, 0, 20000, '17113201520-03-2015 08:48:51', 'admin', 'admin', '', '2015-03-18 17:03:44', '0000-00-00 00:00:00'),
('2015-03-15 09:11:49', '211132015', '20NG113201', 1, 1, 0, 1500, '21113201520-03-2015 13:02:43', 'admin', 'admin', '', '2015-03-18 17:03:45', '0000-00-00 00:00:00'),
('2015-03-15 09:12:06', '191132015', '4NG1132015', 1, 1, 0, 1500, '19113201506-03-2015 08:56:02', 'admin', 'admin', '', '2015-03-18 17:18:38', '0000-00-00 00:00:00'),
('2015-03-15 09:12:27', '241132015', 'CAEP113201', 1, 1, 0, 35000, '24113201506-03-2015 09:12:06', 'admin', 'admin', '', '2015-03-18 17:03:47', '0000-00-00 00:00:00'),
('2015-03-15 09:12:27', '241132015', 'CAVADB1132', 1, 1, 0, 35000, '24113201506-03-2015 09:12:06', 'admin', 'admin', '', '2015-03-18 17:03:47', '0000-00-00 00:00:00'),
('2015-03-15 09:12:27', '241132015', 'CHMAONDA11', 1, 1, 0, 21000, '24113201506-03-2015 09:12:06', 'admin', 'admin', '', '2015-03-18 17:03:47', '0000-00-00 00:00:00'),
('2015-03-15 09:12:56', '201132015', 'NUEPCARO11', 1, 1, 0, 25000, '20113201520-03-2015 13:01:55', 'admin', 'admin', '', '2015-03-18 17:18:27', '0000-00-00 00:00:00'),
('2015-03-15 09:12:56', '201132015', 'NUEPDADB11', 1, 1, 0, 45000, '20113201520-03-2015 13:01:55', 'admin', 'admin', '', '2015-03-18 17:18:27', '0000-00-00 00:00:00'),
('2015-03-15 09:24:20', '011132015', 'BAXIDA1132', 1, 1, 0, 20000, '01113201518-03-2015 14:43:36', 'thungan', 'admin', '', '2015-03-17 23:08:37', '0000-00-00 00:00:00'),
('2015-03-15 09:24:20', '011132015', 'CACADA1132', 1, 1, 0, 20000, '01113201518-03-2015 14:43:36', 'thungan', 'admin', '', '2015-03-17 23:08:37', '0000-00-00 00:00:00'),
('2015-03-15 09:24:20', '011132015', 'CACADB1132', 1, 1, 0, 25000, '01113201518-03-2015 14:43:36', 'thungan', 'admin', '', '2015-03-17 23:08:37', '0000-00-00 00:00:00'),
('2015-03-15 09:24:20', '011132015', 'CFDEDANG11', 5, 1, 0, 12000, '01113201518-03-2015 14:43:36', 'thungan', 'admin', '', '2015-03-17 23:08:37', '0000-00-00 00:00:00'),
('2015-03-15 09:24:20', '011132015', 'KEDA113201', 1, 1, 0, 28000, '01113201518-03-2015 14:43:36', 'thungan', 'admin', '', '2015-03-17 23:08:37', '0000-00-00 00:00:00'),
('2015-03-15 09:25:14', '051132015', 'ST1132015', 1, 1, 0, 16000, '05113201518-03-2015 14:44:03', 'thungan', 'admin', '', '2015-03-18 00:08:40', '0000-00-00 00:00:00'),
('2015-03-15 09:25:14', '051132015', 'STSU113201', 1, 1, 0, 20000, '05113201518-03-2015 14:44:03', 'thungan', 'admin', '', '2015-03-18 00:08:40', '0000-00-00 00:00:00'),
('2015-03-15 09:25:14', '051132015', 'YO1132015', 1, 1, 0, 14000, '05113201518-03-2015 14:44:03', 'thungan', 'admin', '', '2015-03-18 00:08:40', '0000-00-00 00:00:00'),
('2015-03-15 09:28:26', '031132015', 'CACADB1132', 1, 1, 0, 25000, '03113201518-03-2015 14:43:52', 'admin', 'admin', '', '2015-03-18 14:20:27', '0000-00-00 00:00:00'),
('2015-03-15 09:28:26', '031132015', 'CAEP113201', 1, 1, 0, 35000, '03113201518-03-2015 14:43:52', 'admin', 'admin', '', '2015-03-18 14:20:27', '0000-00-00 00:00:00'),
('2015-03-15 09:28:26', '031132015', 'LYCA113201', 4, 1, 0, 40000, '03113201518-03-2015 14:43:52', 'admin', 'admin', '', '2015-03-18 14:20:27', '0000-00-00 00:00:00'),
('2015-03-15 09:29:19', '031132015', 'ST1132015', 1, 1, 0, 16000, '03113201518-03-2015 14:43:52', 'admin', 'admin', '', '2015-03-18 00:07:27', '0000-00-00 00:00:00'),
('2015-03-15 09:54:37', '021132015', '1NG1132015', 2, 0, 0, 1500, '02113201515-03-2015 11:12:35', 'admin', '', '', '0000-00-00 00:00:00', '0000-00-00 00:00:00'),
('2015-03-15 09:54:37', '021132015', '4NG1132015', 2, 0, 0, 1500, '02113201515-03-2015 11:12:35', 'admin', '', '', '0000-00-00 00:00:00', '0000-00-00 00:00:00'),
('2015-03-15 10:07:01', '071132015', 'CFBOKO1132', 1, 1, 0, 120000, '07113201518-03-2015 14:44:08', 'admin', 'admin', '', '2015-03-18 00:08:51', '0000-00-00 00:00:00'),
('2015-03-15 10:07:01', '071132015', 'CFDEDA1132', 1, 1, 0, 12000, '07113201518-03-2015 14:44:08', 'admin', 'admin', '', '2015-03-18 00:08:51', '0000-00-00 00:00:00'),
('2015-03-15 10:07:01', '071132015', 'CFDEDADA11', 1, 1, 0, 12000, '07113201518-03-2015 14:44:08', 'admin', 'admin', '', '2015-03-18 00:08:51', '0000-00-00 00:00:00'),
('2015-03-15 10:17:47', '071132015', 'CFBOKO1132', 2, 1, 0, 120000, '07113201518-03-2015 14:44:08', 'admin', 'admin', '', '2015-03-18 00:09:49', '0000-00-00 00:00:00'),
('2015-03-15 10:18:12', '071132015', 'CFBOKO1132', 4, 0, 0, 120000, '07113201518-03-2015 14:44:08', 'admin', '', '', '2015-03-15 10:33:55', '0000-00-00 00:00:00'),
('2015-03-15 11:11:56', '021132015', '20NG113201', 10, 0, 0, 1500, '02113201515-03-2015 11:12:35', 'admin', '', '', '0000-00-00 00:00:00', '0000-00-00 00:00:00'),
('2015-03-15 22:28:40', '061132015', 'CFDEDADA11', 1, 1, 0, 12000, '06113201520-03-2015 08:48:32', 'admin', 'admin', '', '2015-03-18 17:18:36', '0000-00-00 00:00:00'),
('2015-03-15 22:33:30', '011132015', '1NG1132015', 1, 1, 0, 1500, '01113201518-03-2015 14:43:36', 'admin', 'admin', '', '2015-03-18 00:09:52', '0000-00-00 00:00:00'),
('2015-03-15 22:33:30', '011132015', '20NG113201', 1, 1, 0, 1500, '01113201518-03-2015 14:43:36', 'admin', 'admin', '', '2015-03-18 00:09:52', '0000-00-00 00:00:00'),
('2015-03-15 22:34:35', '011132015', 'BAXIDA1132', 5, 1, 0, 20000, '01113201518-03-2015 14:43:36', 'admin', 'admin', '', '2015-03-18 00:07:03', '0000-00-00 00:00:00'),
('2015-03-15 22:34:35', '011132015', 'BAXINO1132', 1, 1, 0, 18000, '01113201518-03-2015 14:43:36', 'admin', '', '', '2015-03-18 00:19:53', '0000-00-00 00:00:00'),
('2015-03-15 22:35:23', '021132015', 'BAXIDA1132', 1, 1, 0, 20000, '02113201518-03-2015 15:06:48', 'admin', 'admin', '', '2015-03-18 14:20:09', '0000-00-00 00:00:00'),
('2015-03-15 22:35:48', '021132015', 'CACADB1132', 1, 1, 0, 25000, '02113201518-03-2015 15:06:48', 'admin', 'admin', '', '2015-03-18 14:20:16', '0000-00-00 00:00:00'),
('2015-03-18 00:10:14', '181132015', 'CFBOKO1132', 15, 1, 0, 120000, '18113201506-03-2015 08:55:13', 'admin', 'admin', '', '2015-03-18 17:18:40', '0000-00-00 00:00:00'),
('2015-03-18 00:11:41', '031132015', 'BAXINO1132', 6, 1, 0, 18000, '03113201518-03-2015 14:43:52', 'admin', 'admin', '', '2015-03-18 14:20:19', '0000-00-00 00:00:00'),
('2015-03-18 16:17:21', '561132015', 'DUTU113201', 1, 0, 0, 22000, '56113201518-03-2015 16:17:28', 'admin', '', '', '0000-00-00 00:00:00', '0000-00-00 00:00:00'),
('2015-03-18 16:17:21', '561132015', 'HADU113201', 1, 0, 0, 5000, '56113201518-03-2015 16:17:28', 'admin', '', '', '0000-00-00 00:00:00', '0000-00-00 00:00:00'),
('2015-03-18 16:28:22', '551132015', 'DUTU113201', 5, 0, 0, 22000, '55113201518-03-2015 16:28:38', 'admin', '', '', '0000-00-00 00:00:00', '0000-00-00 00:00:00'),
('2015-03-18 17:19:54', '011132015', 'DUTU113201', 1, 0, 0, 22000, '01113201520-03-2015 08:40:11', 'admin', '', '', '0000-00-00 00:00:00', '0000-00-00 00:00:00'),
('2015-03-18 17:19:54', '011132015', 'DUTU113201', 1, 0, 0, 22000, '01113201520-03-2015 08:40:59', 'admin', '', '', '0000-00-00 00:00:00', '0000-00-00 00:00:00'),
('2015-03-18 17:19:54', '011132015', 'DUTU113201', 1, 0, 0, 22000, '01113201520-03-2015 08:41:43', 'admin', '', '', '0000-00-00 00:00:00', '0000-00-00 00:00:00'),
('2015-03-18 17:19:54', '011132015', 'DUTU113201', 1, 0, 0, 22000, '01113201520-03-2015 08:42:10', 'admin', '', '', '0000-00-00 00:00:00', '0000-00-00 00:00:00'),
('2015-03-18 17:19:54', '011132015', 'HADU113201', 1, 0, 0, 5000, '01113201520-03-2015 08:40:11', 'admin', '', '', '0000-00-00 00:00:00', '0000-00-00 00:00:00'),
('2015-03-18 17:19:54', '011132015', 'HADU113201', 1, 0, 0, 5000, '01113201520-03-2015 08:40:59', 'admin', '', '', '0000-00-00 00:00:00', '0000-00-00 00:00:00'),
('2015-03-18 17:19:54', '011132015', 'HADU113201', 1, 0, 0, 5000, '01113201520-03-2015 08:41:43', 'admin', '', '', '0000-00-00 00:00:00', '0000-00-00 00:00:00'),
('2015-03-18 17:19:54', '011132015', 'HADU113201', 1, 0, 0, 5000, '01113201520-03-2015 08:42:10', 'admin', '', '', '0000-00-00 00:00:00', '0000-00-00 00:00:00'),
('2015-03-18 17:20:29', '031132015', 'LAHADA1132', 3, 0, 0, 18000, '03113201520-03-2015 08:44:43', 'admin', '', '', '0000-00-00 00:00:00', '0000-00-00 00:00:00'),
('2015-03-18 17:20:29', '031132015', 'LAHANO1132', 3, 0, 0, 16000, '03113201520-03-2015 08:44:43', 'admin', '', '', '0000-00-00 00:00:00', '0000-00-00 00:00:00'),
('2015-03-18 17:21:08', '051132015', 'HADU113201', 5, 1, 0, 5000, '05113201520-03-2015 08:47:25', 'admin', 'admin', '', '2015-03-18 17:21:27', '0000-00-00 00:00:00'),
('2015-03-18 17:21:08', '051132015', 'KHGI113201', 5, 0, 0, 5000, '05113201520-03-2015 08:47:25', 'admin', '', '', '2015-03-18 17:21:33', '0000-00-00 00:00:00'),
('2015-03-20 08:32:07', '011132015', 'BI33113201', 5, 0, 0, 16000, '01113201520-03-2015 08:40:11', 'admin', '', '', '0000-00-00 00:00:00', '0000-00-00 00:00:00'),
('2015-03-20 08:32:07', '011132015', 'BI33113201', 5, 0, 0, 16000, '01113201520-03-2015 08:40:59', 'admin', '', '', '0000-00-00 00:00:00', '0000-00-00 00:00:00'),
('2015-03-20 08:32:07', '011132015', 'BI33113201', 5, 0, 0, 16000, '01113201520-03-2015 08:41:43', 'admin', '', '', '0000-00-00 00:00:00', '0000-00-00 00:00:00'),
('2015-03-20 08:32:07', '011132015', 'BI33113201', 5, 0, 0, 16000, '01113201520-03-2015 08:42:10', 'admin', '', '', '0000-00-00 00:00:00', '0000-00-00 00:00:00'),
('2015-03-20 08:44:22', '031132015', 'BI33113201', 5, 0, 0, 16000, '03113201520-03-2015 08:44:43', 'admin', '', '', '0000-00-00 00:00:00', '0000-00-00 00:00:00'),
('2015-03-20 08:45:58', '041132015', 'BI33113201', 12, 0, 0, 16000, '04113201520-03-2015 08:46:06', 'admin', '', '', '0000-00-00 00:00:00', '0000-00-00 00:00:00'),
('2015-03-20 08:47:11', '051132015', 'BI33113201', 39, 0, 0, 16000, '05113201520-03-2015 08:47:25', 'admin', '', '', '0000-00-00 00:00:00', '0000-00-00 00:00:00'),
('2015-03-20 08:48:26', '061132015', 'BI33113201', 19, 0, 0, 16000, '06113201520-03-2015 08:48:32', 'admin', '', '', '0000-00-00 00:00:00', '0000-00-00 00:00:00'),
('2015-03-20 08:48:45', '171132015', 'BI33113201', 1, 0, 0, 16000, '17113201520-03-2015 08:48:51', 'admin', '', '', '0000-00-00 00:00:00', '0000-00-00 00:00:00'),
('2015-03-20 13:01:49', '201132015', '4ME1132015', 1, 0, 0, 1500, '20113201520-03-2015 13:01:55', 'admin', '', '', '0000-00-00 00:00:00', '0000-00-00 00:00:00'),
('2015-03-20 22:06:41', '011132015', 'BAXIDA1132', 1, 1, 0, 20000, '01113201520-03-2015 22:22:20', 'order B', 'thungan', '', '2015-03-20 22:22:04', '0000-00-00 00:00:00'),
('2015-03-20 22:06:41', '011132015', 'BAXIDA1132', 1, 1, 0, 20000, '01113201520-03-2015 22:24:57', 'order B', 'thungan', '', '2015-03-20 22:22:04', '0000-00-00 00:00:00'),
('2015-03-20 22:06:41', '011132015', 'BAXIDA1132', 1, 1, 0, 20000, '01113201520-03-2015 22:31:30', 'order B', 'thungan', '', '2015-03-20 22:22:04', '0000-00-00 00:00:00'),
('2015-03-20 22:21:35', '011132015', '201132015', 1, 1, 0, 28000, '01113201520-03-2015 22:22:20', 'order B', 'thungan', '', '2015-03-20 22:22:05', '0000-00-00 00:00:00'),
('2015-03-20 22:21:35', '011132015', '201132015', 1, 1, 0, 28000, '01113201520-03-2015 22:24:57', 'order B', 'thungan', '', '2015-03-20 22:22:05', '0000-00-00 00:00:00'),
('2015-03-20 22:21:35', '011132015', '201132015', 1, 1, 0, 28000, '01113201520-03-2015 22:31:30', 'order B', 'thungan', '', '2015-03-20 22:22:05', '0000-00-00 00:00:00'),
('2015-03-20 22:21:35', '011132015', '20NG113201', 1, 1, 0, 1500, '01113201520-03-2015 22:22:20', 'order B', 'thungan', '', '2015-03-20 22:22:05', '0000-00-00 00:00:00'),
('2015-03-20 22:21:35', '011132015', '20NG113201', 1, 1, 0, 1500, '01113201520-03-2015 22:24:57', 'order B', 'thungan', '', '2015-03-20 22:22:05', '0000-00-00 00:00:00'),
('2015-03-20 22:21:35', '011132015', '20NG113201', 1, 1, 0, 1500, '01113201520-03-2015 22:31:30', 'order B', 'thungan', '', '2015-03-20 22:22:05', '0000-00-00 00:00:00'),
('2015-03-20 22:21:35', '011132015', 'CFDEDA1132', 2, 1, 0, 12000, '01113201520-03-2015 22:22:20', 'order B', 'thungan', '', '2015-03-20 22:22:05', '0000-00-00 00:00:00'),
('2015-03-20 22:21:35', '011132015', 'CFDEDA1132', 2, 1, 0, 12000, '01113201520-03-2015 22:24:57', 'order B', 'thungan', '', '2015-03-20 22:22:05', '0000-00-00 00:00:00'),
('2015-03-20 22:21:35', '011132015', 'CFDEDA1132', 2, 1, 0, 12000, '01113201520-03-2015 22:31:30', 'order B', 'thungan', '', '2015-03-20 22:22:05', '0000-00-00 00:00:00'),
('2015-03-20 22:21:35', '011132015', 'CFSUDA1132', 1, 1, 0, 12000, '01113201520-03-2015 22:22:20', 'order B', 'thungan', '', '2015-03-20 22:22:05', '0000-00-00 00:00:00'),
('2015-03-20 22:21:35', '011132015', 'CFSUDA1132', 1, 1, 0, 12000, '01113201520-03-2015 22:24:57', 'order B', 'thungan', '', '2015-03-20 22:22:05', '0000-00-00 00:00:00'),
('2015-03-20 22:21:35', '011132015', 'CFSUDA1132', 1, 1, 0, 12000, '01113201520-03-2015 22:31:30', 'order B', 'thungan', '', '2015-03-20 22:22:05', '0000-00-00 00:00:00'),
('2015-03-20 22:21:52', '011132015', '201132015', 1, 1, 0, 28000, '01113201520-03-2015 22:22:20', 'order B', 'thungan', '', '2015-03-20 22:22:08', '0000-00-00 00:00:00'),
('2015-03-20 22:21:52', '011132015', '201132015', 1, 1, 0, 28000, '01113201520-03-2015 22:24:57', 'order B', 'thungan', '', '2015-03-20 22:22:08', '0000-00-00 00:00:00'),
('2015-03-20 22:21:52', '011132015', '201132015', 1, 1, 0, 28000, '01113201520-03-2015 22:31:30', 'order B', 'thungan', '', '2015-03-20 22:22:08', '0000-00-00 00:00:00'),
('2015-03-20 22:21:52', '011132015', 'CFDEDA1132', 1, 1, 0, 12000, '01113201520-03-2015 22:22:20', 'order B', 'thungan', '', '2015-03-20 22:22:08', '0000-00-00 00:00:00'),
('2015-03-20 22:21:52', '011132015', 'CFDEDA1132', 1, 1, 0, 12000, '01113201520-03-2015 22:24:57', 'order B', 'thungan', '', '2015-03-20 22:22:08', '0000-00-00 00:00:00'),
('2015-03-20 22:21:52', '011132015', 'CFDEDA1132', 1, 1, 0, 12000, '01113201520-03-2015 22:31:30', 'order B', 'thungan', '', '2015-03-20 22:22:08', '0000-00-00 00:00:00'),
('2015-03-21 22:53:13', '011132015', 'BI33113201', 5, 0, 0, 16000, '01113201521-03-2015 22:53:19', 'admin', '', '', '0000-00-00 00:00:00', '0000-00-00 00:00:00'),
('2015-03-22 12:25:49', '011132015', 'BI33113201', 5, 0, 0, 16000, '01113201522-03-2015 12:25:54', 'admin', '', '', '0000-00-00 00:00:00', '0000-00-00 00:00:00'),
('2015-03-23 12:30:26', '021132015', '5J1132015', 2, 0, 0, 9000, '02113201523-03-2015 12:30:31', 'admin', '', '', '0000-00-00 00:00:00', '0000-00-00 00:00:00'),
('2015-03-24 15:32:51', '011132015', '201132015', 1, 0, 0, 28000, '01113201524-03-2015 15:35:57', 'admin', '', '', '0000-00-00 00:00:00', '0000-00-00 00:00:00'),
('2015-03-24 15:32:51', '011132015', '201132015', 1, 0, 0, 28000, '01113201524-03-2015 15:42:37', 'admin', '', '', '0000-00-00 00:00:00', '0000-00-00 00:00:00'),
('2015-03-24 15:32:51', '011132015', '20NG113201', 1, 0, 0, 1500, '01113201524-03-2015 15:35:57', 'admin', '', '', '0000-00-00 00:00:00', '0000-00-00 00:00:00'),
('2015-03-24 15:32:51', '011132015', '20NG113201', 1, 0, 0, 1500, '01113201524-03-2015 15:42:37', 'admin', '', '', '0000-00-00 00:00:00', '0000-00-00 00:00:00'),
('2015-03-24 15:32:51', '011132015', '5J1132015', 1, 0, 0, 9000, '01113201524-03-2015 15:35:57', 'admin', '', '', '0000-00-00 00:00:00', '0000-00-00 00:00:00'),
('2015-03-24 15:32:51', '011132015', '5J1132015', 1, 0, 0, 9000, '01113201524-03-2015 15:42:37', 'admin', '', '', '0000-00-00 00:00:00', '0000-00-00 00:00:00'),
('2015-03-24 15:32:51', '011132015', 'BAXINO1132', 3, 0, 0, 18000, '01113201524-03-2015 15:35:57', 'admin', '', '', '0000-00-00 00:00:00', '0000-00-00 00:00:00'),
('2015-03-24 15:32:51', '011132015', 'BAXINO1132', 3, 0, 0, 18000, '01113201524-03-2015 15:42:37', 'admin', '', '', '0000-00-00 00:00:00', '0000-00-00 00:00:00'),
('2015-03-24 15:32:51', '011132015', 'CFDEDA1132', 2, 0, 0, 12000, '01113201524-03-2015 15:35:57', 'admin', '', '', '0000-00-00 00:00:00', '0000-00-00 00:00:00'),
('2015-03-24 15:32:51', '011132015', 'CFDEDA1132', 2, 0, 0, 12000, '01113201524-03-2015 15:42:37', 'admin', '', '', '0000-00-00 00:00:00', '0000-00-00 00:00:00'),
('2015-03-24 15:32:51', '011132015', 'CFDEDADA11', 1, 0, 0, 12000, '01113201524-03-2015 15:35:57', 'admin', '', '', '0000-00-00 00:00:00', '0000-00-00 00:00:00'),
('2015-03-24 15:32:51', '011132015', 'CFDEDADA11', 1, 0, 0, 12000, '01113201524-03-2015 15:42:37', 'admin', '', '', '0000-00-00 00:00:00', '0000-00-00 00:00:00'),
('2015-03-24 15:32:51', '011132015', 'CHXIMUDA11', 1, 0, 0, 19000, '01113201524-03-2015 15:35:57', 'admin', '', '', '0000-00-00 00:00:00', '0000-00-00 00:00:00'),
('2015-03-24 15:32:51', '011132015', 'CHXIMUDA11', 1, 0, 0, 19000, '01113201524-03-2015 15:42:37', 'admin', '', '', '0000-00-00 00:00:00', '0000-00-00 00:00:00'),
('2015-03-24 15:34:29', '011132015', '201132015', 1, 0, 0, 28000, '01113201524-03-2015 15:35:57', 'admin', '', '', '0000-00-00 00:00:00', '0000-00-00 00:00:00'),
('2015-03-24 15:34:29', '011132015', '201132015', 1, 0, 0, 28000, '01113201524-03-2015 15:42:37', 'admin', '', '', '0000-00-00 00:00:00', '0000-00-00 00:00:00'),
('2015-03-24 15:34:29', '011132015', 'CFDENO1132', 2, 0, 0, 12000, '01113201524-03-2015 15:35:57', 'admin', '', '', '0000-00-00 00:00:00', '0000-00-00 00:00:00'),
('2015-03-24 15:34:29', '011132015', 'CFDENO1132', 2, 0, 0, 12000, '01113201524-03-2015 15:42:37', 'admin', '', '', '0000-00-00 00:00:00', '0000-00-00 00:00:00'),
('2015-03-24 15:34:29', '011132015', 'CFSUNO1132', 2, 0, 0, 12000, '01113201524-03-2015 15:35:57', 'admin', '', '', '0000-00-00 00:00:00', '0000-00-00 00:00:00'),
('2015-03-24 15:34:29', '011132015', 'CFSUNO1132', 2, 0, 0, 12000, '01113201524-03-2015 15:42:37', 'admin', '', '', '0000-00-00 00:00:00', '0000-00-00 00:00:00'),
('2015-03-24 15:34:29', '011132015', 'SUTU113201', 5, 0, 0, 16000, '01113201524-03-2015 15:35:57', 'admin', '', '', '0000-00-00 00:00:00', '0000-00-00 00:00:00'),
('2015-03-24 15:34:29', '011132015', 'SUTU113201', 5, 0, 0, 16000, '01113201524-03-2015 15:42:37', 'admin', '', '', '0000-00-00 00:00:00', '0000-00-00 00:00:00'),
('2015-03-24 15:35:46', '011132015', '201132015', 2, 0, 0, 28000, '01113201524-03-2015 15:35:57', 'admin', '', '', '0000-00-00 00:00:00', '0000-00-00 00:00:00'),
('2015-03-24 15:35:46', '011132015', '201132015', 2, 0, 0, 28000, '01113201524-03-2015 15:42:37', 'admin', '', '', '0000-00-00 00:00:00', '0000-00-00 00:00:00'),
('2015-03-24 15:35:46', '011132015', 'NUSU113201', 1, 0, 0, 10000, '01113201524-03-2015 15:35:57', 'admin', '', '', '0000-00-00 00:00:00', '0000-00-00 00:00:00'),
('2015-03-24 15:35:46', '011132015', 'NUSU113201', 1, 0, 0, 10000, '01113201524-03-2015 15:42:37', 'admin', '', '', '0000-00-00 00:00:00', '0000-00-00 00:00:00'),
('2015-03-24 15:35:46', '011132015', 'REBU113201', 4, 0, 0, 18000, '01113201524-03-2015 15:35:57', 'admin', '', '', '0000-00-00 00:00:00', '0000-00-00 00:00:00'),
('2015-03-24 15:35:46', '011132015', 'REBU113201', 4, 0, 0, 18000, '01113201524-03-2015 15:42:37', 'admin', '', '', '0000-00-00 00:00:00', '0000-00-00 00:00:00');

-- --------------------------------------------------------

--
-- Table structure for table `chitietnhaphanghoa`
--

CREATE TABLE IF NOT EXISTS `chitietnhaphanghoa` (
  `mahang` varchar(100) NOT NULL,
  `thoigian` datetime NOT NULL,
  `soluongchan` int(11) NOT NULL,
  `soluongle` int(11) NOT NULL,
  `dongia` int(11) NOT NULL,
  `nguoidung` varchar(100) NOT NULL
) ENGINE=InnoDB DEFAULT CHARSET=latin1;

--
-- Dumping data for table `chitietnhaphanghoa`
--

INSERT INTO `chitietnhaphanghoa` (`mahang`, `thoigian`, `soluongchan`, `soluongle`, `dongia`, `nguoidung`) VALUES
('BI332032015', '2015-03-22 12:23:27', 10, 0, 180000, 'admin'),
('BI332032015', '2015-03-22 12:23:39', 5, 0, 180000, 'admin'),
('BI332032015', '2015-03-22 12:25:14', 1, 15, 180000, 'admin'),
('BI332032015', '2015-03-22 12:25:54', 0, -5, 16000, 'admin'),
('JE2032015', '2015-03-23 12:28:50', 15, 0, 18000, 'admin'),
('JE2032015', '2015-03-23 12:30:31', 0, -10, 9000, 'admin'),
('JE2032015', '2015-03-24 15:42:08', 0, -85, 28000, 'admin'),
('JE2032015', '2015-03-24 15:42:37', 0, -85, 28000, 'admin'),
('NG2032015', '2015-03-24 15:42:08', 0, -20, 1500, 'admin'),
('NG2032015', '2015-03-24 15:42:37', 0, -20, 1500, 'admin');

-- --------------------------------------------------------

--
-- Table structure for table `chuyendoi`
--

CREATE TABLE IF NOT EXISTS `chuyendoi` (
  `mamon` varchar(100) NOT NULL,
  `mahang` varchar(100) NOT NULL,
  `soluongchan` int(100) NOT NULL,
  `soluongle` int(11) NOT NULL
) ENGINE=InnoDB DEFAULT CHARSET=latin1;

--
-- Dumping data for table `chuyendoi`
--

INSERT INTO `chuyendoi` (`mamon`, `mahang`, `soluongchan`, `soluongle`) VALUES
('1JE1132015', 'JE2032015', 0, 1),
('1ME1132015', 'ME2032015', 0, 1),
('1NG1132015', 'NG2032015', 0, 1),
('201132015', 'JE2032015', 0, 20),
('20ME113201', 'ME2032015', 0, 20),
('20NG113201', 'NG2032015', 0, 20),
('4ME1132015', 'ME2032015', 0, 4),
('4NG1132015', 'NG2032015', 0, 4),
('5J1132015', 'JE2032015', 0, 5),
('BI33113201', 'BI332032015', 0, 1);

-- --------------------------------------------------------

--
-- Table structure for table `danggoimon`
--

CREATE TABLE IF NOT EXISTS `danggoimon` (
  `thoigian` datetime NOT NULL,
  `maban` varchar(10) NOT NULL,
  `mamon` varchar(10) NOT NULL,
  `soluong` int(11) NOT NULL,
  `bepxacnhan` tinyint(1) NOT NULL,
  `bepdalam` tinyint(1) NOT NULL,
  `dongia` int(11) NOT NULL,
  `new` tinyint(1) NOT NULL,
  `sohoadon` varchar(30) DEFAULT NULL,
  `dangsua` tinyint(1) NOT NULL,
  `nvorder` varchar(100) NOT NULL,
  `nvbepxacnhan` varchar(100) NOT NULL,
  `nvbepdalam` varchar(100) NOT NULL,
  `thoigianbepxacnhan` datetime NOT NULL,
  `thoigianbepdalam` datetime NOT NULL,
  `tinhtien` tinyint(1) NOT NULL
) ENGINE=InnoDB DEFAULT CHARSET=latin1;

-- --------------------------------------------------------

--
-- Table structure for table `diembanhang`
--

CREATE TABLE IF NOT EXISTS `diembanhang` (
  `madiembanhang` varchar(10) NOT NULL,
  `tendiembanhang` varchar(100) NOT NULL,
  `manhahang` varchar(5) NOT NULL,
  `diachi` varchar(100) CHARACTER SET utf8mb4 COLLATE utf8mb4_unicode_ci DEFAULT NULL,
  `dienthoai` varchar(20) NOT NULL,
  `fax` varchar(20) NOT NULL,
  `email` varchar(50) NOT NULL,
  `website` varchar(50) NOT NULL
) ENGINE=InnoDB DEFAULT CHARSET=latin1;

--
-- Dumping data for table `diembanhang`
--

INSERT INTO `diembanhang` (`madiembanhang`, `tendiembanhang`, `manhahang`, `diachi`, `dienthoai`, `fax`, `email`, `website`) VALUES
('CK1032015', 'CAFE KONIA', 'K1032', '02 HUNG VUONG - BMT', '05003813702', '05003813702', 'anmyhot@yahoo.com', 'HTTP://ABC.COM');

-- --------------------------------------------------------

--
-- Table structure for table `hanghoa`
--

CREATE TABLE IF NOT EXISTS `hanghoa` (
  `mahang` varchar(100) NOT NULL,
  `tenhang` varchar(100) NOT NULL,
  `maloaihanghoa` varchar(100) NOT NULL,
  `dvtchan` varchar(100) NOT NULL,
  `dvtle` varchar(100) NOT NULL,
  `chuyendoi` int(11) NOT NULL,
  `gianhap` int(11) NOT NULL,
  `giaban` int(11) NOT NULL,
  `giachieu` int(11) NOT NULL,
  `giatoi` int(11) NOT NULL,
  `soluong` int(11) NOT NULL
) ENGINE=InnoDB DEFAULT CHARSET=latin1;

--
-- Dumping data for table `hanghoa`
--

INSERT INTO `hanghoa` (`mahang`, `tenhang`, `maloaihanghoa`, `dvtchan`, `dvtle`, `chuyendoi`, `gianhap`, `giaban`, `giachieu`, `giatoi`, `soluong`) VALUES
('552032015', '555', 'TH2032015', 'goi', 'dieu', 24, 30000, 48000, 48000, 48000, 0),
('BI332032015', 'bia 333', 'NULOCH2032015', 'thung', 'lon', 20, 180000, 200000, 200000, 200000, 0),
('HADU2032015', 'hat dua', 'KH2032015', 'goi', 'dia', 30, 50000, 60000, 60000, 60000, 0),
('JE2032015', 'jet', 'TH2032015', 'goi', 'dieu', 24, 18000, 24000, 24000, 24000, 0),
('KE2032015', 'ken', 'NULOCH2032015', 'thung', 'lon', 20, 300000, 400000, 400000, 400000, 0),
('ME2032015', 'meo', 'TH2032015', 'goi', 'dieu', 24, 15000, 18000, 18000, 18000, 0),
('NG2032015', 'ngua', 'TH2032015', 'goi', 'dieu', 24, 20000, 36000, 36000, 36000, 0);

-- --------------------------------------------------------

--
-- Table structure for table `hoadon`
--

CREATE TABLE IF NOT EXISTS `hoadon` (
  `mahoadon` varchar(100) NOT NULL,
  `maban` varchar(100) NOT NULL,
  `thoigian` datetime NOT NULL,
  `thungan` varchar(100) NOT NULL,
  `tien` int(11) NOT NULL,
  `gtgiam` int(11) NOT NULL
) ENGINE=InnoDB DEFAULT CHARSET=latin1;

--
-- Dumping data for table `hoadon`
--

INSERT INTO `hoadon` (`mahoadon`, `maban`, `thoigian`, `thungan`, `tien`, `gtgiam`) VALUES
('01113201506-03-2015 08:51:04', '011132015', '2015-03-06 08:51:04', 'admin', 680000, 0),
('01113201512-03-2015 07:02:54', '011132015', '2015-03-12 13:02:54', 'AN', 0, 0),
('01113201512-03-2015 23:48:41', '011132015', '2015-03-12 23:48:41', 'admin', 100000, 0),
('01113201513-03-2015 10:31:43', '011132015', '2015-03-13 10:31:43', 'admin', 20020, 9),
('01113201513-03-2015 11:38:10', '011132015', '2015-03-13 11:38:10', 'admin', 75600, 10),
('01113201513-03-2015 20:49:41', '011132015', '2015-03-13 20:49:41', 'admin', 68400, 10),
('01113201513-03-2015 21:04:01', '011132015', '2015-03-13 21:04:01', 'admin', 199500, 5),
('01113201513-03-2015 21:43:54', '011132015', '2015-03-13 21:43:54', 'admin', 305900, 5),
('01113201514-03-2015 09:28:48', '011132015', '2015-03-14 09:28:48', 'admin', 360000, 0),
('01113201514-03-2015 20:49:58', '011132015', '2015-03-14 20:49:58', 'admin', 128000, 0),
('01113201515-03-2015 01:11:27', '011132015', '2015-03-15 01:11:27', 'admin', 25200, 10),
('01113201518-03-2015 14:43:36', '011132015', '2015-03-18 14:43:36', 'admin', 274000, 0),
('01113201520-03-2015 08:40:11', '011132015', '2015-03-20 08:40:11', 'admin', 107000, 0),
('01113201520-03-2015 08:40:59', '011132015', '2015-03-20 08:40:59', 'admin', 107000, 0),
('01113201520-03-2015 08:41:43', '011132015', '2015-03-20 08:41:43', 'admin', 107000, 0),
('01113201520-03-2015 08:42:10', '011132015', '2015-03-20 08:42:10', 'admin', 107000, 0),
('01113201520-03-2015 22:31:30', '011132015', '2015-03-20 22:31:30', 'order B', 125500, 0),
('01113201521-03-2015 22:53:19', '011132015', '2015-03-21 22:53:19', 'admin', 80000, 0),
('01113201522-03-2015 12:25:54', '011132015', '2015-03-22 12:25:54', 'admin', 80000, 0),
('01113201524-03-2015 15:35:57', '011132015', '2015-03-24 15:35:57', 'admin', 441500, 0),
('01113201524-03-2015 15:42:37', '011132015', '2015-03-24 15:42:37', 'admin', 441500, 0),
('02113201513-03-2015 00:00:17', '021132015', '2015-03-13 00:00:17', 'admin', 84000, 0),
('02113201513-03-2015 10:28:20', '021132015', '2015-03-13 10:28:20', 'admin', 135000, 10),
('02113201513-03-2015 10:38:28', '021132015', '2015-03-13 10:38:28', 'admin', 99000, 10),
('02113201513-03-2015 11:33:40', '021132015', '2015-03-13 11:33:40', 'admin', 18000, 10),
('02113201515-03-2015 00:53:48', '021132015', '2015-03-15 00:53:48', 'admin', 53100, 10),
('02113201515-03-2015 11:12:35', '021132015', '2015-03-15 11:12:35', 'admin', 25500, 0),
('02113201518-03-2015 15:06:48', '021132015', '2015-03-18 15:06:48', 'admin', 45000, 0),
('02113201523-03-2015 12:30:31', '021132015', '2015-03-23 12:30:31', 'admin', 18000, 0),
('03113201513-03-2015 10:24:16', '031132015', '2015-03-13 10:24:16', 'admin', 126000, 0),
('03113201513-03-2015 10:26:50', '031132015', '2015-03-13 10:26:50', 'admin', 126000, 50),
('03113201513-03-2015 10:27:19', '031132015', '2015-03-13 10:27:19', 'admin', 126000, 50),
('03113201513-03-2015 20:53:45', '031132015', '2015-03-13 20:53:45', 'admin', 33250, 5),
('03113201513-03-2015 21:00:42', '031132015', '2015-03-13 21:00:42', 'admin', 100800, 10),
('03113201515-03-2015 01:15:29', '031132015', '2015-03-15 01:15:29', 'admin', 35000, 0),
('03113201515-03-2015 01:15:45', '031132015', '2015-03-15 01:15:45', 'admin', 14000, 50),
('03113201518-03-2015 14:43:52', '031132015', '2015-03-18 14:43:52', 'admin', 344000, 0),
('03113201520-03-2015 08:44:43', '031132015', '2015-03-20 08:44:43', 'admin', 182000, 0),
('04113201513-03-2015 21:17:43', '041132015', '2015-03-13 21:17:43', 'admin', 117000, 10),
('04113201520-03-2015 08:46:06', '041132015', '2015-03-20 08:46:06', 'admin', 207000, 0),
('05113201518-03-2015 14:44:03', '051132015', '2015-03-18 14:44:03', 'admin', 50000, 0),
('05113201520-03-2015 08:47:25', '051132015', '2015-03-20 08:47:25', 'admin', 674000, 0),
('06113201514-03-2015 09:23:02', '061132015', '2015-03-14 09:23:02', 'admin', 19000, 5),
('06113201520-03-2015 08:48:32', '061132015', '2015-03-20 08:48:32', 'admin', 316000, 0),
('07113201513-03-2015 10:20:49', '071132015', '2015-03-13 10:20:49', 'admin', 140000, 0),
('07113201513-03-2015 14:41:49', '071132015', '2015-03-13 14:41:49', 'admin', 36100, 5),
('07113201515-03-2015 01:10:45', '071132015', '2015-03-15 01:10:45', 'admin', 19800, 10),
('07113201518-03-2015 14:44:08', '071132015', '2015-03-18 14:44:08', 'admin', 864000, 0),
('09113201514-03-2015 09:30:07', '091132015', '2015-03-14 09:30:07', 'admin', 2700, 10),
('17113201520-03-2015 08:48:51', '171132015', '2015-03-20 08:48:51', 'admin', 36000, 0),
('18113201506-03-2015 08:55:13', '181132015', '2015-03-06 08:55:13', 'admin', 1809000, 0),
('19113201506-03-2015 08:56:02', '191132015', '2015-03-06 08:56:02', 'admin', 3300, 0),
('20113201513-03-2015 21:56:16', '201132015', '2015-03-13 21:56:16', 'admin', 43200, 10),
('20113201520-03-2015 13:01:55', '201132015', '2015-03-20 13:01:55', 'admin', 71500, 0),
('21113201520-03-2015 13:02:43', '211132015', '2015-03-20 13:02:43', 'admin', 1500, 0),
('22113201514-03-2015 09:26:28', '221132015', '2015-03-14 09:26:28', 'admin', 680000, 0),
('22113201518-03-2015 15:45:32', '221132015', '2015-03-18 15:45:32', 'admin', 1500, 0),
('23113201513-03-2015 21:20:28', '231132015', '2015-03-13 21:20:28', 'admin', 143650, 15),
('24113201506-03-2015 09:12:06', '241132015', '2015-03-06 09:12:06', 'thungan', 203000, 0),
('32113201514-03-2015 09:28:06', '321132015', '2015-03-14 09:28:06', 'admin', 452000, 0),
('40113201514-03-2015 09:22:16', '401132015', '2015-03-14 09:22:16', 'admin', 70300, 5),
('48113201514-03-2015 09:29:06', '481132015', '2015-03-14 09:29:06', 'admin', 182400, 20),
('55113201518-03-2015 16:28:38', '551132015', '2015-03-18 16:28:38', 'admin', 110000, 0),
('56113201518-03-2015 16:17:28', '561132015', '2015-03-18 16:17:28', 'admin', 27000, 0),
('B0103201511-03-2015 04:34:10', 'B01032015', '2015-03-11 10:34:10', 'admin', 82000, 0),
('B0103201511-03-2015 07:08:27', 'B01032015', '2015-03-11 13:08:27', 'AN', 72000, 0),
('B0103201511-03-2015 07:09:29', 'B01032015', '2015-03-11 13:09:29', 'AN', 0, 0),
('B0103201511-03-2015 14:52:27', 'B01032015', '2015-03-11 20:52:27', 'AN', 18000, 0),
('B1103201511-03-2015 04:34:27', 'B11032015', '2015-03-11 10:34:27', 'admin', 24000, 0),
('B1103201511-03-2015 04:51:04', 'B11032015', '2015-03-11 10:51:04', 'admin', 255000, 0),
('B1103201511-03-2015 04:52:38', 'B11032015', '2015-03-11 10:52:38', 'admin', 88000, 0),
('B1103201511-03-2015 04:59:43', 'B11032015', '2015-03-11 10:59:43', 'admin', 24000, 0),
('B1103201511-03-2015 06:57:13', 'B11032015', '2015-03-11 12:57:13', 'admin', 0, 0),
('B1103201511-03-2015 07:05:14', 'B11032015', '2015-03-11 13:05:14', 'admin', 102000, 0),
('B1103201511-03-2015 14:52:21', 'B11032015', '2015-03-11 20:52:21', 'AN', 83000, 0),
('B1103201511-03-2015 15:04:04', 'B11032015', '2015-03-11 21:04:04', 'AN', 0, 0),
('B1103201512-03-2015 06:49:10', 'B11032015', '2015-03-12 12:49:10', 'AN', 24000, 0),
('B59103201510-03-2015 11:25:00', 'B591032015', '2015-03-10 17:25:00', 'admin', 108000, 0),
('B59103201511-03-2015 04:51:34', 'B591032015', '2015-03-11 10:51:34', 'admin', 12000, 0),
('B59103201511-03-2015 04:53:59', 'B591032015', '2015-03-11 10:53:59', 'admin', 36000, 0),
('B59103201511-03-2015 07:08:07', 'B591032015', '2015-03-11 13:08:07', 'AN', 36000, 0),
('B59103201511-03-2015 15:03:49', 'B591032015', '2015-03-11 21:03:49', 'AN', 0, 0),
('B59103201511-03-2015 15:50:37', 'B591032015', '2015-03-11 21:50:37', 'AN', 85000, 0),
('B6103201511-03-2015 04:51:40', 'B61032015', '2015-03-11 10:51:40', 'admin', 84000, 0),
('B6103201511-03-2015 14:51:53', 'B61032015', '2015-03-11 20:51:53', 'AN', 36000, 0),
('B6103201511-03-2015 14:56:34', 'B61032015', '2015-03-11 20:56:34', 'AN', 25000, 0),
('B6103201511-03-2015 15:47:49', 'B61032015', '2015-03-11 21:47:49', 'AN', 192000, 0);

-- --------------------------------------------------------

--
-- Table structure for table `khuvuc`
--

CREATE TABLE IF NOT EXISTS `khuvuc` (
  `makhuvuc` varchar(10) NOT NULL,
  `tenkhuvuc` varchar(100) NOT NULL,
  `madiembanhang` varchar(10) NOT NULL
) ENGINE=InnoDB DEFAULT CHARSET=latin1;

--
-- Dumping data for table `khuvuc`
--

INSERT INTO `khuvuc` (`makhuvuc`, `tenkhuvuc`, `madiembanhang`) VALUES
('A1032015', 'A', 'CK1032015'),
('B1032015', 'B', 'CK1032015'),
('C1032015', 'C', 'CK1032015');

-- --------------------------------------------------------

--
-- Table structure for table `loaihanghoa`
--

CREATE TABLE IF NOT EXISTS `loaihanghoa` (
  `maloaihanghoa` varchar(100) CHARACTER SET utf8 NOT NULL,
  `tenloaihanghoa` varchar(100) CHARACTER SET utf8 NOT NULL,
  `makhuvuc` varchar(100) CHARACTER SET utf8 NOT NULL
) ENGINE=InnoDB DEFAULT CHARSET=latin1;

--
-- Dumping data for table `loaihanghoa`
--

INSERT INTO `loaihanghoa` (`maloaihanghoa`, `tenloaihanghoa`, `makhuvuc`) VALUES
('KH2032015', 'khac', 'A1032015'),
('NULOCH2032015', 'nuoc lon chai', 'A1032015'),
('TH2032015', 'thuoc', 'A1032015');

-- --------------------------------------------------------

--
-- Table structure for table `loaimon`
--

CREATE TABLE IF NOT EXISTS `loaimon` (
  `maloaimon` varchar(10) NOT NULL,
  `tenloaimon` varchar(100) NOT NULL,
  `makhuvuc` varchar(10) NOT NULL
) ENGINE=InnoDB DEFAULT CHARSET=latin1;

--
-- Dumping data for table `loaimon`
--

INSERT INTO `loaimon` (`maloaimon`, `tenloaimon`, `makhuvuc`) VALUES
('CAPH113201', 'ca phe', 'C1032015'),
('KE1132015', 'kem', 'C1032015'),
('KH1132015', 'khac', 'C1032015'),
('NUCA_CH113', 'nuoc cam _ chanh', 'C1032015'),
('NUEP113201', 'nuoc ep', 'C1032015'),
('NULOCH1132', 'nuoc lon chai', 'C1032015'),
('SITO113201', 'sinh to', 'C1032015'),
('SU1132015', 'sua', 'C1032015'),
('THLA113201', 'thuoc la', 'C1032015'),
('TR1132015', 'tra', 'C1032015');

-- --------------------------------------------------------

--
-- Table structure for table `mon`
--

CREATE TABLE IF NOT EXISTS `mon` (
  `mamon` varchar(10) NOT NULL,
  `tenmon` varchar(100) NOT NULL,
  `maloaimon` varchar(10) NOT NULL,
  `donvitinh` varchar(10) NOT NULL,
  `gianhap` int(11) NOT NULL,
  `giaban` int(11) NOT NULL,
  `giachieu` int(11) NOT NULL,
  `giatoi` int(11) NOT NULL
) ENGINE=InnoDB DEFAULT CHARSET=latin1;

--
-- Dumping data for table `mon`
--

INSERT INTO `mon` (`mamon`, `tenmon`, `maloaimon`, `donvitinh`, `gianhap`, `giaban`, `giachieu`, `giatoi`) VALUES
('1JE1132015', '1 jet', 'THLA113201', 'dieu', 1500, 1800, 1800, 1800),
('1ME1132015', '1 MEO ', 'THLA113201', 'dieu', 1200, 1500, 1500, 1500),
('1NG1132015', '1 ngua', 'THLA113201', 'dieu', 1200, 1500, 1500, 1500),
('201132015', '20jet', 'THLA113201', 'dieu', 25000, 28000, 28000, 28000),
('20ME113201', '20 meo', 'THLA113201', 'dieu', 22000, 25000, 25000, 25000),
('20NG113201', '20 ngua', 'THLA113201', 'dieu', 1200, 1500, 1500, 1500),
('4ME1132015', '4 meo', 'THLA113201', 'dieu', 1200, 1500, 1500, 1500),
('4NG1132015', '4 ngua', 'THLA113201', 'dieu', 1200, 1500, 1500, 1500),
('5J1132015', '5jet', 'THLA113201', 'dieu', 7000, 9000, 9000, 9000),
('7UP1132015', '7 up', 'NULOCH1132', 'lon', 8000, 16000, 16000, 26000),
('BAXIDA1132', 'BAC XIU DA', 'CAPH113201', 'ly', 10000, 20000, 20000, 30000),
('BAXINO1132', 'BAC XIU NONG', 'CAPH113201', 'ly', 9000, 18000, 18000, 28000),
('BI33113201', 'bia 333', 'NULOCH1132', 'lon', 8000, 16000, 16000, 26000),
('C21132015', 'c2', 'NULOCH1132', 'lon', 7000, 14000, 14000, 24000),
('CACADA1132', 'CA CAO DA', 'CAPH113201', 'ly', 10000, 20000, 20000, 30000),
('CACADB1132', 'ca cao dB', 'CAPH113201', 'ly', 12000, 25000, 25000, 35000),
('CACANO1132', 'ca cao nong', 'CAPH113201', 'ly', 9000, 18000, 18000, 28000),
('CAEP113201', 'cam ep', 'NUCA_CH113', 'ly', 17000, 35000, 35000, 45000),
('CAVA113201', 'cam vat', 'NUCA_CH113', 'ly', 15000, 30000, 30000, 40000),
('CAVADB1132', 'cam vat db', 'NUCA_CH113', 'ly', 17000, 35000, 35000, 45000),
('CFBOKO1132', 'cF bot konia', 'CAPH113201', 'kg', 100000, 120000, 120000, 120000),
('CFDEDA1132', 'CF DEN DA', 'CAPH113201', 'ly', 5000, 12000, 12000, 22000),
('CFDEDADA11', 'CF DEN DA DANG', 'CAPH113201', 'ly', 5000, 12000, 12000, 22000),
('CFDEDANG11', 'CF DEN DA NGOT', 'CAPH113201', 'ly', 5000, 12000, 12000, 22000),
('CFDENO1132', 'CF DEN NONG', 'CAPH113201', 'ly', 5000, 12000, 12000, 22000),
('CFKE113201', 'cF kem', 'CAPH113201', 'ly', 9000, 18000, 18000, 28000),
('CFKODE1132', 'cF konia den', 'CAPH113201', 'ly', 7000, 1500, 1500, 25000),
('CFKOSU1132', 'cf konia sua', 'CAPH113201', 'ly', 7000, 15000, 15000, 25000),
('CFSUDA1132', 'CF SUA DA', 'CAPH113201', 'ly', 5000, 12000, 12000, 22000),
('CFSUDADA11', 'CF SUA DA DANG', 'CAPH113201', 'ly', 5000, 12000, 12000, 22000),
('CFSUDANG11', 'CF SUA DA NGOT', 'CAPH113201', 'ly', 5000, 12000, 12000, 22000),
('CFSUNO1132', 'CF SUA NONG', 'CAPH113201', 'ly', 5000, 12000, 12000, 22000),
('CHDADA1132', 'CHANH DAY DA', 'NUCA_CH113', 'ly', 10000, 20000, 20000, 30000),
('CHDANO1132', 'CHANH DAY NONG', 'NUCA_CH113', 'ly', 9000, 18000, 18000, 28000),
('CHMAONDA11', 'chanh mat ong da', 'NUCA_CH113', 'ly', 10000, 21000, 21000, 31000),
('CHMAONNO11', 'chanh mat ong nong', 'NUCA_CH113', 'ly', 9000, 19000, 19000, 29000),
('CHMUDA1132', 'CHANH MUOI DA', 'NUCA_CH113', 'ly', 9000, 19000, 19000, 29000),
('CHMUNO1132', 'CHANH MUOI NONG', 'NUCA_CH113', 'ly', 8000, 17000, 17000, 27000),
('CHXIMUDA11', 'CHANH XI MUOI DA', 'NUCA_CH113', 'ly', 9000, 19000, 19000, 29000),
('CHXIMUNO11', 'CHANH XI MUOI NONG', 'NUCA_CH113', 'ly', 8000, 17000, 17000, 27000),
('CO1132015', 'coca', 'NULOCH1132', 'lon', 8000, 16000, 16000, 26000),
('DRTH113201', 'dr thanh', 'NULOCH1132', 'chai', 8000, 16000, 16000, 26000),
('DUTU113201', 'dua tuoi', 'KH1132015', 'trai', 11000, 22000, 22000, 32000),
('HADU113201', 'hat dua', 'KH1132015', 'bich', 4000, 5000, 5000, 5000),
('HE1132015', 'heineken', 'NULOCH1132', 'lon', 12000, 25000, 25000, 35000),
('KEBAHA1132', 'kem bac ha', 'KE1132015', 'dia', 14000, 28000, 28000, 38000),
('KEBOMU1132', 'kem bon mua', 'KE1132015', 'dia', 14000, 28000, 28000, 38000),
('KECACA1132', 'kem ca cao', 'KE1132015', 'dia', 14000, 28000, 28000, 38000),
('KECH113201', 'KEM CHOCOLATE', 'KE1132015', 'dia', 14000, 28000, 28000, 38000),
('KEDA113201', 'kem dau', 'KE1132015', 'dia', 14000, 28000, 28000, 38000),
('KEDU113201', 'kem dua', 'KE1132015', 'dia', 14000, 28000, 28000, 38000),
('KEKHMO1132', 'kem khoai mon', 'KE1132015', 'dia', 14000, 28000, 28000, 38000),
('KEKO113201', 'kem konia', 'KE1132015', 'dia', 17000, 35000, 35000, 45000),
('KESARI1132', 'kem sau rieng', 'KE1132015', 'dia', 14000, 28000, 28000, 38000),
('KETRCA1132', 'kem trai cay', 'KE1132015', 'dia', 16000, 32000, 32000, 42000),
('KETRDU1132', 'kem trai dua', 'KE1132015', 'trai', 22000, 45000, 45000, 55000),
('KEVA113201', 'kem vani', 'KE1132015', 'dia', 14000, 28000, 28000, 38000),
('KHGI113201', 'khan giay', 'KH1132015', 'cai', 2000, 5000, 5000, 5000),
('KHLA113201', 'khan lanh', 'KH1132015', 'cai', 1000, 2000, 2000, 2000),
('KHNG113201', 'KHOAN NGOT', 'NULOCH1132', 'chai', 7000, 14000, 14000, 24000),
('LAHADA1132', 'la han da', 'TR1132015', 'ly', 9000, 18000, 18000, 28000),
('LAHANO1132', 'la han nong', 'TR1132015', 'ly', 8000, 16000, 16000, 26000),
('LICA113201', 'lipton cam', 'TR1132015', 'ly', 11000, 22000, 22000, 32000),
('LIDA113201', 'lipton da', 'TR1132015', 'ly', 9000, 18000, 18000, 28000),
('LIKO113201', 'lipton konia', 'TR1132015', 'ly', 11000, 22000, 22000, 32000),
('LINO113201', 'lipton nong', 'TR1132015', 'ly', 8000, 16000, 16000, 26000),
('LISUDA1132', 'lipton sua da', 'TR1132015', 'ly', 11000, 22000, 22000, 32000),
('LISUNO1132', 'lipton sua nong', 'TR1132015', 'ly', 10000, 20000, 20000, 30000),
('LIXIMU1132', 'lipton xi muoi', 'TR1132015', 'ly', 9000, 18000, 18000, 28000),
('LYCA113201', 'ly cao', 'KH1132015', 'ly', 40000, 40000, 40000, 40000),
('LYON113201', 'ly ong', 'KH1132015', 'ly', 20000, 20000, 20000, 20000),
('MITO113201', 'mi tom', 'KH1132015', 'to', 5000, 10000, 10000, 10000),
('MITOTR1132', 'mi tom trung', 'KH1132015', 'to', 7000, 15000, 15000, 15000),
('MIXA113201', 'mi xao', 'KH1132015', 'dia', 12000, 25000, 25000, 25000),
('NU1132015', 'nutri', 'NULOCH1132', 'chai', 8000, 16000, 16000, 26000),
('NUCHDA1132', 'nuoc chanh da', 'NUCA_CH113', 'ly', 9000, 18000, 18000, 28000),
('NUCHNO1132', 'Nuoc chanh nong', 'NUCA_CH113', 'ly', 8000, 16000, 16000, 26000),
('NUEPCACH11', 'nuoc ep ca chua', 'NUEP113201', 'ly', 12000, 25000, 25000, 35000),
('NUEPCARO11', 'nuoc ep ca rot', 'NUEP113201', 'ly', 12000, 25000, 25000, 35000),
('NUEPCAROCH', 'nuo ep ca rot_ca chua', 'NUEP113201', 'ly', 12000, 25000, 25000, 35000),
('NUEPCARODB', 'nuoc ep ca rot dB', 'NUEP113201', 'ly', 15000, 30000, 30000, 40000),
('NUEPCAVACA', 'nuoc ep cam va ca rot', 'NUEP113201', 'ly', 14000, 28000, 28000, 38000),
('NUEPCO1132', 'nuoc ep coc', 'NUEP113201', 'ly', 12000, 25000, 25000, 35000),
('NUEPDA1132', 'nuoc ep dau', 'NUEP113201', 'ly', 20000, 40000, 40000, 50000),
('NUEPDADB11', 'nuoc ep dau dB', 'NUEP113201', 'ly', 22000, 45000, 45000, 55000),
('NUEPDUHA11', 'nuoc ep dua hau', 'NUEP113201', 'ly', 12000, 25000, 25000, 35000),
('NUEPKO1132', 'nuoc ep konia', 'NUEP113201', 'ly', 17000, 35000, 35000, 45000),
('NUEPLE1132', 'nuoc ep le', 'NUEP113201', 'ly', 14000, 28000, 28000, 38000),
('NUEPNH1132', 'nuoc ep nho', 'NUEP113201', 'ly', 14000, 28000, 28000, 38000),
('NUEPOI1132', 'nuoc ep oi', 'NUEP113201', 'ly', 12000, 25000, 25000, 35000),
('NUEPSO1132', 'nuoc ep sori', 'NUEP113201', 'ly', 12000, 25000, 25000, 35000),
('NUEPTA1132', 'nuoc ep tao', 'NUEP113201', 'ly', 14000, 28000, 28000, 38000),
('NUEPTH1132', 'nuoc ep thom', 'NUEP113201', 'ly', 12000, 25000, 25000, 35000),
('NUEPTHCA11', 'nuoc ep thap cam', 'NUEP113201', 'ly', 16000, 32000, 32000, 42000),
('NUEPTHLO11', 'nuoc ep thang long', 'NUEP113201', 'ly', 14000, 28000, 28000, 38000),
('NUEPTRCA11', 'nuoc ep trai cay', 'NUEP113201', 'ly', 14000, 28000, 28000, 38000),
('NUON113201', 'number one', 'NULOCH1132', 'lon', 8000, 16000, 16000, 26000),
('NUONSU1132', 'number one sua', 'NULOCH1132', 'lon', 10000, 20000, 20000, 30000),
('NUSU113201', 'nuoc suoi', 'NULOCH1132', 'chai', 5000, 10000, 10000, 20000),
('NUYE113201', 'nuoc yen', 'NULOCH1132', 'lon', 8000, 16000, 16000, 26000),
('PE1132015', 'pepsi', 'NULOCH1132', 'lon', 8000, 16000, 16000, 26000),
('PESU113201', 'PEpsi sua', 'NULOCH1132', 'lon', 10000, 20000, 20000, 30000),
('PHTHCANH11', 'phu thu ca nhac', 'KH1132015', 'nguoi', 1000, 10000, 10000, 10000),
('RE1132015', 'revive', 'NULOCH1132', 'lon', 8000, 16000, 16000, 26000),
('REBU113201', 'red bull', 'NULOCH1132', 'lon', 9000, 18000, 18000, 28000),
('SITOBO1132', 'sinh to bo', 'SITO113201', 'ly', 14000, 28000, 28000, 38000),
('SITOCA1132', 'sinh to cam', 'SITO113201', 'ly', 16000, 32000, 32000, 42000),
('SITOCACH11', 'sinh to ca chua', 'SITO113201', 'ly', 12000, 25000, 25000, 35000),
('SITOCARO11', 'sinh to ca rot', 'SITO113201', 'ly', 12000, 25000, 25000, 35000),
('SITOCHDA11', 'sinh to chanh day', 'SITO113201', 'ly', 14000, 28000, 28000, 38000),
('SITODA1132', 'sinh to dau', 'SITO113201', 'ly', 17000, 35000, 35000, 45000),
('SITODADB11', 'sinh to dau dB', 'SITO113201', 'ly', 22000, 45000, 45000, 55000),
('SITODADU11', 'sinh to dau dua', 'SITO113201', 'ly', 20000, 40000, 40000, 50000),
('SITODAYA11', 'sinh to dau yaour', 'SITO113201', 'ly', 20000, 40000, 40000, 50000),
('SITODU1132', 'sinh to dua', 'SITO113201', 'ly', 16000, 32000, 32000, 42000),
('SITODUDU11', 'sinh to du du', 'SITO113201', 'ly', 12000, 25000, 25000, 35000),
('SITODUHA11', 'sinh to dua hau', 'SITO113201', 'ly', 12000, 25000, 25000, 35000),
('SITOKHMO11', 'sinh to khoai mon', 'SITO113201', 'ly', 14000, 28000, 28000, 38000),
('SITOKO1132', 'SINH TO KONIA', 'SITO113201', 'ly', 16000, 32000, 32000, 42000),
('SITOMACA11', 'SINH TO MANG CAU', 'SITO113201', 'ly', 12000, 25000, 25000, 35000),
('SITOSA1132', 'SINH TO SAPOCHE', 'SITO113201', 'ly', 12000, 25000, 25000, 35000),
('SITOTHCA11', 'SINH TO THAp cam', 'SITO113201', 'ly', 15000, 30000, 30000, 40000),
('SITOXO1132', 'sinh to xoai', 'SITO113201', 'ly', 15000, 30000, 30000, 40000),
('ST1132015', 'sting', 'NULOCH1132', 'lon', 8000, 16000, 16000, 26000),
('STSU113201', 'sting sua', 'NULOCH1132', 'lon', 10000, 20000, 20000, 30000),
('SUBO113201', 'sua bo', 'SU1132015', 'hop', 5000, 5000, 5000, 50000),
('SUDACH1132', 'sua da chanh', 'NUCA_CH113', 'ly', 10000, 20000, 20000, 30000),
('SUNUSO1132', 'sua nuoc soi', 'SU1132015', 'ly', 8000, 16000, 16000, 26000),
('SUNUSOCOCA', 'sua nuoc soi co caphe', 'SU1132015', 'ly', 8000, 16000, 16000, 26000),
('SUTU113201', 'sua tuoi', 'SU1132015', 'ly', 8000, 16000, 16000, 26000),
('SUTUCOCA12', 'sua tuoi co caphe', 'SU1132015', 'ly', 8000, 16000, 16000, 26000),
('SUTUCODUKD', 'sua tuoi co duong k da', 'SU1132015', 'ly', 8000, 16000, 16000, 26000),
('SUTUDB1132', 'sua tuoi dB', 'SU1132015', 'ly', 9000, 18000, 18000, 28000),
('SUTUKDUKDA', 'sua tuoi k duong k da', 'SU1132015', 'ly', 8000, 16000, 16000, 26000),
('SUTUNO1132', 'sua tuoi nong', 'SU1132015', 'ly', 8000, 16000, 16000, 26000),
('SUTUTRCA11', 'sua tuoi trai cay', 'SU1132015', 'ly', 15000, 30000, 30000, 40000),
('TI1132015', 'tiramisu', 'KH1132015', 'cai', 10000, 15000, 15000, 15000),
('TRCADA1132', 'tra cam da', 'TR1132015', 'ly', 9000, 18000, 18000, 28000),
('TRCADILO11', 'trai cay dia lon', 'KH1132015', 'dia', 22000, 45000, 45000, 45000),
('TRCADINH11', 'trai cay dia nho', 'KH1132015', 'dia', 15000, 30000, 30000, 30000),
('TRCANO1132', 'tra cam nong', 'TR1132015', 'ly', 8000, 16000, 16000, 26000),
('TRCHDA1132', 'tra chanh da', 'TR1132015', 'ly', 9000, 18000, 18000, 28000),
('TRCHNO1132', 'tra chanh nong', 'TR1132015', 'ly', 8000, 16000, 16000, 26000),
('TRCUDI1132', 'tra cung dinh', 'TR1132015', 'ly', 11000, 22000, 22000, 32000),
('TRDA113201', 'tra daonong', 'TR1132015', 'ly', 8000, 16000, 16000, 26000),
('TRDADA1132', 'tra dau da', 'TR1132015', 'ly', 9000, 18000, 18000, 28000),
('TRDADACH11', 'tra dao da chanh', 'TR1132015', 'ly', 9000, 18000, 18000, 28000),
('TRDANO1132', 'tra dau nong', 'TR1132015', 'ly', 8000, 16000, 16000, 26000),
('TRGUDA1132', 'tra gung da', 'TR1132015', 'ly', 9000, 18000, 18000, 28000),
('TRGUMAON11', 'tra gung mat ong', 'TR1132015', 'ly', 10000, 20000, 20000, 30000),
('TRGUNO1132', 'tra gung nong', 'TR1132015', 'ly', 8000, 16000, 16000, 26000),
('TRXA113201', 'tra xanh', 'NULOCH1132', 'chai', 8000, 16000, 16000, 26000),
('XIMU113201', 'xi muoi', 'KH1132015', 'vien', 1000, 2000, 2000, 2000),
('YADA113201', 'ya da', 'SU1132015', 'ly', 10000, 20000, 20000, 30000),
('YADACA1132', 'ya da cam', 'SU1132015', 'ly', 12000, 25000, 25000, 35000),
('YADADA1132', 'ya  da dau', 'SU1132015', 'ly', 15000, 30000, 30000, 40000),
('YAHU113201', 'ya hu', 'SU1132015', 'hu', 6000, 12000, 12000, 22000),
('YO1132015', 'YOMOST', 'NULOCH1132', 'lon', 7000, 14000, 14000, 24000);

-- --------------------------------------------------------

--
-- Table structure for table `nguoidung`
--

CREATE TABLE IF NOT EXISTS `nguoidung` (
  `tennguoidung` varchar(100) NOT NULL,
  `matkhau` varchar(150) NOT NULL,
  `quyen` varchar(100) NOT NULL,
  `chitiet` varchar(100) NOT NULL
) ENGINE=InnoDB DEFAULT CHARSET=latin1;

--
-- Dumping data for table `nguoidung`
--

INSERT INTO `nguoidung` (`tennguoidung`, `matkhau`, `quyen`, `chitiet`) VALUES
('admin', '82dc1d8952c9b9c5d3140308d8ddaea2ca6f7ea8d116e510ae28817083375217b4b6df7b87631005b4b4f96abfef8ffdabacd36e2f674f91bd662d3b7c2facc9', 'admin', ''),
('bep', 'f08e2cc56c4c9174cc2511c0ee51187946878a291083f63b1f9e3e49e13ba479b4db004d2a14328ffe831329b3bfa5823a135d493707b984f4e98a8ad81ec463', 'bep', 'LK1112015'),
('dbh2', '0114d48bcc1d0212de35f1580061e9ccfd334c3016f05e554da3758708be738479ca59c8e07f6b3888fcbdf8159aec2d4f5362de87ae4d7dbc8325d904c948ab', 'qldiembanhang', 'L21112015'),
('diembanhang', 'b0d6d99c23e80e47ddfd7ba996d48074f3d4e3148e3171498cc0113c4caf7bed388eee4daf729e9c150c47b976e9b6e5bfd605e210cf656bbddb05934214d8d1', 'qldiembanhang', 'L11112015'),
('khuvuc', '9a66f4ea6bebecb54a9fd82054ba073353e509e9ec9e6fa0fb8397b1d64fe599c61b3eee8a548722b3926bed5f8514b78909d95416ff42551281a22397864f0d', 'qlkhuvuc', 'LK1112015'),
('kv2', '53d529c60c7daa3bc765b1a94d881fac9c629e489b6cf36ba209cd453fd370f00bebd86aa2d5bc1fa2b1147307189b9d5fedd120cb6154fb5b50319a31fb7327', 'qlkhuvuc', 'LK11120152'),
('kv3', '69c4fd424cac0d23a2a6c9409574db37555142e8c5e21c7869fd0615a6bbd20f8075e35b687bc288e0ee656d414788470230da91363bcc80214d31ea954a8303', 'qlkhuvuc', 'LK2522015'),
('leo', '945a23a4721dee2030d98b23aa10a52fafae233cd3e63a84a360a9a76c95ae3c7a5ba1ccd5de945431389587ba5403747013a8c51cc629dc42b37a6658343989', 'qlnhahang', 'L1112'),
('nhahang', '73f80291c28d89eb2ef3dc46012f2d39e51c55a151635eabab408b5aebb314becee11025c966e016de82d9a981a50f6be494d0f417fd75c5535d5997d6addd01', 'qlnhahang', 'L1112'),
('order', '79c96ae7a7b6967e9922efed9258acce3bd6baaddb5f519ecd721fe010127fc7b3326deb62686fb1c02633ed6cef4029a8c09932efee96637fd62436d624d7c0', 'order', 'LK1112015'),
('order2', 'de5beb53b8aa3a2b8fa517acad2524a441c7589f45cbded9f75c6cbef79fc6d68fada57aeacfda6eaf90da70fc73c1029ac1c8fbf214ff60142e8702793b2dfd', 'order', 'LK11120152'),
('thangxuyen', 'c3ae8889b707b61bce5b859135890ba38c7f03d64a02eb074b50acc398aca189d027031c1cf7e3f0db98e3d5af61d9edb75b2e4e3c3d9c16af85169f885814d3', 'qlnhahang', 'TX111'),
('thungan', '387bc88bea544e71c5cd7e6d18b3d0c61298c90d2031b6ee3d41ae3eb5c879d129ab860a99e23a66a1c2f83daf40d4ae86ab08e8a72e953865130be1b70b5e47', 'thungan', 'LK1112015'),
('order', '79c96ae7a7b6967e9922efed9258acce3bd6baaddb5f519ecd721fe010127fc7b3326deb62686fb1c02633ed6cef4029a8c09932efee96637fd62436d624d7c0', 'order', 'C1032015'),
('an', 'a0fb0c217e5e924c0a8f233730991a46a45e313619a28a728745d9c84167faeef6c162d425cb47416b0f4599a85394a93010065597f6e461d6d0a7dbe693a0d7', 'order', 'C1032015'),
('AN', 'ff095e2223708d7f182ad803e4cad237f3fd19573894b7d75f4a24ccdc9c196f4c360ce0d7cd4311a986f429a42ab6659dba46c92201600ddc4c83423f250497', 'order', 'C1032015'),
('PHACHE', '3e73cb32242750ed894056861371fc85dede1baeb911f13cbd5dc421baa7479e18403d93e3db02e344baecdb9a70853e737ccee64716cc4b9afc55a3b66c8a97', 'bep', 'A1032015'),
('order B', '48a782cbb389c3f350031f8fe12810237a02259a3db6e45e888e87051466b0800658104d4c700c6cbdb29389ae82f0ad9759083d1a132c16cff9c45e9330672b', 'order', 'B1032015'),
('order C', 'd9cb66a0c36602b2d4b0271a99b580747b1480f7404b8c79d1cd10f1a7600c4b768d057fe23e4a9c8d62021e79ede9f8c72e21ff2e5f121d9820ea5fcd2bc4a2', 'order', 'C1032015');

-- --------------------------------------------------------

--
-- Table structure for table `nhahang`
--

CREATE TABLE IF NOT EXISTS `nhahang` (
  `manhahang` varchar(5) NOT NULL,
  `tennhahang` varchar(100) NOT NULL,
  `diachi` varchar(100) NOT NULL,
  `dienthoai` varchar(20) NOT NULL,
  `fax` varchar(20) NOT NULL,
  `email` varchar(50) NOT NULL,
  `website` varchar(50) NOT NULL,
  `khogiay` varchar(20) NOT NULL
) ENGINE=InnoDB DEFAULT CHARSET=latin1;

--
-- Dumping data for table `nhahang`
--

INSERT INTO `nhahang` (`manhahang`, `tennhahang`, `diachi`, `dienthoai`, `fax`, `email`, `website`, `khogiay`) VALUES
('K1032', 'KONIA', '2 HUNG VUONG - BMT', '05003813702', '05003813702', 'anmyhot@yahoo.com', 'HTTP://ABC.COM', 'A5');

-- --------------------------------------------------------

--
-- Table structure for table `xoagoimon`
--

CREATE TABLE IF NOT EXISTS `xoagoimon` (
  `thoigian` datetime NOT NULL,
  `maban` varchar(100) NOT NULL,
  `mamon` varchar(100) NOT NULL,
  `soluong` int(11) NOT NULL,
  `dongia` int(11) NOT NULL,
  `nvorder` varchar(100) NOT NULL,
  `nvxoa` varchar(100) NOT NULL
) ENGINE=InnoDB DEFAULT CHARSET=latin1;

--
-- Dumping data for table `xoagoimon`
--

INSERT INTO `xoagoimon` (`thoigian`, `maban`, `mamon`, `soluong`, `dongia`, `nvorder`, `nvxoa`) VALUES
('2015-03-10 17:11:54', 'B61032015', 'CD1032015', 3, 12000, 'AN', 'admin'),
('2015-03-10 17:00:59', 'B591032015', 'CD1032015', 1, 12000, 'AN', 'AN'),
('2015-03-10 17:11:54', 'B61032015', 'CS1032015', 2, 12000, 'AN', 'AN'),
('2015-03-10 17:34:51', 'B591032015', 'CD1032015', 1, 12000, 'AN', 'AN'),
('2015-03-11 11:13:54', 'B11032015', 'DT1032015', 1, 16000, 'AN', 'AN'),
('2015-03-12 23:49:24', '021132015', 'KEBOMU1132', 1, 28000, 'admin', 'admin'),
('2015-03-13 00:00:30', '011132015', 'KEBAHA1132', 11, 28000, 'admin', 'admin'),
('2015-03-13 22:11:09', '041132015', 'SUBO113201', 2, 5000, 'admin', 'admin'),
('2015-03-15 22:28:40', '061132015', 'CFDEDA1132', 1, 12000, 'admin', 'admin');

--
-- Indexes for dumped tables
--

--
-- Indexes for table `ban`
--
ALTER TABLE `ban`
 ADD PRIMARY KEY (`maban`);

--
-- Indexes for table `chitiethoadon`
--
ALTER TABLE `chitiethoadon`
 ADD PRIMARY KEY (`thoigian`,`maban`,`mamon`,`sohoadon`);

--
-- Indexes for table `chitietnhaphanghoa`
--
ALTER TABLE `chitietnhaphanghoa`
 ADD PRIMARY KEY (`mahang`,`thoigian`);

--
-- Indexes for table `chuyendoi`
--
ALTER TABLE `chuyendoi`
 ADD PRIMARY KEY (`mamon`,`mahang`);

--
-- Indexes for table `danggoimon`
--
ALTER TABLE `danggoimon`
 ADD PRIMARY KEY (`thoigian`,`maban`,`mamon`);

--
-- Indexes for table `diembanhang`
--
ALTER TABLE `diembanhang`
 ADD PRIMARY KEY (`madiembanhang`);

--
-- Indexes for table `hanghoa`
--
ALTER TABLE `hanghoa`
 ADD PRIMARY KEY (`mahang`);

--
-- Indexes for table `hoadon`
--
ALTER TABLE `hoadon`
 ADD PRIMARY KEY (`mahoadon`);

--
-- Indexes for table `khuvuc`
--
ALTER TABLE `khuvuc`
 ADD PRIMARY KEY (`makhuvuc`), ADD UNIQUE KEY `makhuvuc` (`makhuvuc`);

--
-- Indexes for table `loaihanghoa`
--
ALTER TABLE `loaihanghoa`
 ADD PRIMARY KEY (`maloaihanghoa`);

--
-- Indexes for table `loaimon`
--
ALTER TABLE `loaimon`
 ADD PRIMARY KEY (`maloaimon`);

--
-- Indexes for table `mon`
--
ALTER TABLE `mon`
 ADD PRIMARY KEY (`mamon`);

